gdrive_id,filename,gdrive_path,file_type,language,last_modified
1ljFJbaQUV8kuB7rY31CyJ-H0HQGYRQrt,Copy of Payment options,,unknown,English (assumed),Jan 15
1s4C9aInneJyVvgBZrDH-yEmVxM0eoHer,Payment options,,unknown,English (assumed),Jan 15
1hfNcxbDfzAS1YLpPl_HofaWLkfsEywgj,You Can Pay Any Amount.jpeg,,image,English (assumed),May 19
1Rm34MWTyIOF-1mZzxaqCt-x-qQOCgEcT,2015.378440.Aatm-Bodh_text.pdf,Aatmbodh hindi,pdf,English (assumed),12/8/21
1rhsSk0-epvRoiBsNYzfn22l_ozOKRTUJ,D48AE4C9-6BBA-409E-BBF1-535B6DC6C971.jpeg,Aatmbodh hindi,image,English (assumed),11/17/22
1PsDOigGPq2KR-yN3T26Vsq2RH247SkAc,Prakashika-10 Abhigyan Shankuntal.pdf,Abhigyan shakuntalam,pdf,English (assumed),9/16/25
1Jd537S5fa3g3ll0-NfcAadtEbux9yOIg,WG463-1981-AkashBhairavaKalpamOfUmaMaheshwara.pdf,Akash bhairav kalpam,pdf,English (assumed),7/31/23
1QKX13iLpeVj-va6BlHNQP1iF7MPhgl49,Ancient Indian Scientific Thought (1).pdf,Ancient Indian scientist,pdf,English (assumed),1/13/25
1DjBp7lNkJWZ96uS1cLJNKRgTPCgsClbt,Arthasastra Hindi Translation Udayvir Shastri.pdf,Arthshastra,pdf,Hindi/Sanskrit,1/20/24
1o7HTC_eRX1c1mKJ-Z04KtXpRNTWeC7mh,D48AE4C9-6BBA-409E-BBF1-535B6DC6C971.jpeg,Aryabhatta (English),image,English (assumed),11/17/22
1TWynKqEYuym9azoqyg8D7d-0zEiOCStY,aryabhata_with_english_commentary.pdf,Aryabhatta (English),pdf,English,7/17/21
1cR-Jd8xwALaLEkdFCRTiDF7nwoP4svS3,Aditya Hridyam Stotram.pdf,Astang hridyam hindi,pdf,English (assumed),7/1/24
1fuRqch83jWRVn1_Wuzua-F80zTw-VlfK,D48AE4C9-6BBA-409E-BBF1-535B6DC6C971.jpeg,Astang hridyam hindi,image,English (assumed),11/17/22
10j73gU3zNNh1fanQ1Ym_Y2sybXfFR_20,Hindi Book-Astanga-hrdayam.pdf,Astang hridyam hindi,pdf,Hindi/Sanskrit,8/6/21
1zy-HlI5srbrn3l_SuJEGjy6xbINcxJgc,28Nakshatras-TheRealSecretsofVedicAstrologyAne-book.docx,Astrology (English),docx,Hindi/Sanskrit,8/4/21
1YXfDFOo62Ce9GntDJXhIjVHQ6MftkxP1,BPHS - 1 RSanthanam.pdf,Astrology (English),pdf,English (assumed),8/4/21
1-9b6iHA8xawd5zaEfgxu9YwuO7ONybbX,BPHS - 2 RSanthanam.pdf,Astrology (English),pdf,English (assumed),8/4/21
1wyhX5lKUFQ6hrIr3jdfuPnLIpabv4Uov,D48AE4C9-6BBA-409E-BBF1-535B6DC6C971.jpeg,Astrology (English),image,English (assumed),11/17/22
1-IfD8wir7qrU6flP-bq60fsMQvufFKRX,Nakshatras complete.pdf,Astrology (English),pdf,English (assumed),8/4/21
1-F5iZSaIz6Gn2PXFddsq6uo_RjJot17M,Prashna Jyotish ( PDFDrive.com ).pdf,Astrology (English),pdf,English (assumed),8/4/21
1-J2PQt1rWgqaa8yKI4f7iEaADhfY7C_B,raman-how-to-judge-horoscope-1.pdf,Astrology (English),pdf,English (assumed),8/4/21
1-Jkp6oQDdGty6xNbPuZ_ytdb__3ex6pP,raman-how-to-judge-horoscope-2.pdf,Astrology (English),pdf,English (assumed),8/4/21
1-LujFlGuIuN1MbuakmExuNysnNoxKkoV,vedic_astro_textbook.pdf,Astrology (English),pdf,Hindi/Sanskrit,8/4/21
1XsFGNqxMCwCkPP7FIx9-jPRVHWp5iDFm,Arogyanidhi2.pdf,Ayurveda hindi,pdf,English (assumed),7/22/21
1XrtIE86YxbxEgQebT3pnQEKBHrd_GBeV,Arogyanidhii.pdf,Ayurveda hindi,pdf,English (assumed),7/22/21
1HCGGrflt9p6qwmxamQ0ED9QgPQkfGoVW,D48AE4C9-6BBA-409E-BBF1-535B6DC6C971.jpeg,Ayurveda hindi,image,English (assumed),11/17/22
1XZmPWYZ8JxSuoPEUSoReD5MvhlcSLLgf,SARAL_ROGOPCHAR_gujarati.pdf,Ayurveda hindi,pdf,Other Indic,7/22/21
1XkhMfktvnxKtvlTBjLJUUl7juXyJ73-J,SadhakSanjivani.pdf,Ayurveda hindi,pdf,English (assumed),7/22/21
1XW81YbtDMfWdIqkbqZRGP6lTNulijrbI,Vividh_Chikitsa.PDF,Ayurveda hindi,pdf,English (assumed),7/22/21
1X_iE21Eh3H3kSj_j18u7jwAIsK95l_ai,Vividh_Chikitsa_no__6_.pdf,Ayurveda hindi,pdf,English (assumed),7/22/21
1XnsXj3cOfo9_4wU3C8gnc9gNbdVf9gsN,sadhak_sanjivini_sanskrit_hindi.pdf,Ayurveda hindi,pdf,Hindi/Sanskrit,7/22/21
1NXldjKls2AwzdQzF1oIpBeGEWDB1ol0_,shri-bagla-sahsranaam-stotram.pdf,Baglamukhi sahstra naam,pdf,English (assumed),9/27/25
1j1P2-tJxlYBNP4t38vq29qEyxeuBEGII,श्री_मद्भागवत_महापुराण_द्वितीय_खण्ड.pdf,Bhagwat,pdf,Devanagari,7/11/24
1otcJjIQXNG33FiiIKgbmxGdmmCIKLr7j,श्री_मद्भागवत_महापुराण_प्रथम_खण्ड.pdf,Bhagwat,pdf,Devanagari,7/11/24
1O9frkBAG7ZgfBaf9DULaEoxcGp2qXTi4,D48AE4C9-6BBA-409E-BBF1-535B6DC6C971.jpeg,Bhagwat Geeta as it is (Prabhupada),image,English (assumed),11/17/22
1Rqxlkve-qic2_ufZw5-aoHX4kBYZVMeM,bhagavad-gita-as-it-is.pdf,Bhagwat Geeta as it is (Prabhupada),pdf,English (assumed),12/8/21
1SOfFR1UQGenRlP8KRQS5gliswT5OTWIh,455_gita_roman (1).pdf,Bhagwat geeta (English),pdf,English (assumed),7/17/21
1rkLijdeyb5Nbbx1u8pzanWlzJumJVxeL,Bhagavad-gita-Swami-BG-Narasingha.pdf,Bhagwat geeta (English),pdf,English (assumed),4/8/23
1hv8Ft52bcwl3_TUVeiZfB8kCplEST_SF,D48AE4C9-6BBA-409E-BBF1-535B6DC6C971.jpeg,Bhagwat geeta (English),image,English (assumed),11/17/22
1HCJ-o3MHkrJSj0tSxrvFmj4q0c76nLb6,Telugu-Bhagavad-gita-His-Divine-Grace-AC-Bhaktivedanta-Swami-Prabhupada (1).pdf,Bhagwat geeta (Telugu),pdf,Hindi/Sanskrit,12/23/25
1S5qhgH3V3-l0i-Q9IDiThyHJZL4PZVZr,unencrypted-geeta.pdf,Bhagwat geeta (hindi),pdf,English (assumed),7/17/21
113lqyA5is5MojJlfrsKh7ZM2hQqZaMJU,D48AE4C9-6BBA-409E-BBF1-535B6DC6C971.jpeg,Bhagwat geeta (punjabi),image,English (assumed),11/17/22
1S7mmmCPl-4hHR2spem8QyNkmBY7wIoeN,full-punjabi-geeta.pdf,Bhagwat geeta (punjabi),pdf,Other Indic,7/17/21
1wPc6jX5xA2evIo_NsYbCYLN2MX7rzHzd,Bhagavad-gita Bengali.pdf,Bhagwat gita (bengali),pdf,Other Indic,3/15/24
1WseZFXQPWIHylnZtYVrBK6_rrJ7W0D76,Bhaktmal.pdf,Bhaktmal,pdf,English (assumed),6/19/24
1OxzURdpKwZbUeFDwsREvzgiH0qrP-lwa,श्रीभक्तमाल.pdf,Bhaktmal,pdf,Devanagari,6/19/24
1Ho_IyA26eiYoBaMemULjYauK11zVTFzi,Bhavishya malika book.pdf,Bhavishya mallika,pdf,English (assumed),4/5/24
1xaTMQyJ5xaoDeJrss_sbc9c6rZtkTUKj,Bhavishya-Malika-in-Hindi.pdf,Bhavishya mallika,pdf,Hindi/Sanskrit,4/5/24
1OFYmaSp6m4ZsRywnmlsX7KIAC-4ypiYG,instapdf.in-bhavishya-malika-book-691.pdf,Bhavishya mallika,pdf,English (assumed),7/30/23
1pX7h7_fYHVRFZdrKJ3i0SNOiG__1qwEl,भविष्य मालिका putin.pdf,Bhavishya mallika,pdf,Devanagari,4/5/24
1BsSqdjyj2_Da_kPwvmNxkCwrylso-e7p,Brahmacharya Ki Shakti by Swami Rama Tirtha.pdf,Bhramcharya,pdf,English (assumed),9/16/21
19Ae4po_D7BX68a4JMvru3Udw7b75zG3L,D48AE4C9-6BBA-409E-BBF1-535B6DC6C971.jpeg,Bhramcharya,image,English (assumed),11/17/22
14zk_oMoIgBl1exyQy4VWa_umoVqq7GbI,brihaspatisutrao00brharich.pdf,Bhraspati sutra eng,pdf,English (assumed),Jun 27
1OodcB66dkgVutxnxzIDBVUpYQ9yVMF4a,D48AE4C9-6BBA-409E-BBF1-535B6DC6C971.jpeg,Bhrigu samhita,image,English (assumed),11/17/22
16fmgpNImk5RLsNn89xLmXwcQq2Mrh4xR,bhrigu-samhita-hindi1.pdf,Bhrigu samhita,pdf,Hindi/Sanskrit,10/12/22
1z3cYvHa9Cv6NRRSjrmiekGaDb9tfchIY,Copy of _सत्यवादी_राजा_हरिश्चंद्र_की_कथा.pdf,Biography (hindi),pdf,Devanagari,10/10/22
1f9_IZ7bjy4DiKmW-KdYeeiIc5rOuU3oc,Copy of आर्यभट्ट ( Hindi ).pdf,Biography (hindi),pdf,Devanagari,10/10/22
1zKqiFVJ2zhCYH3zNHH-mlG3AVsz-Tdfu,Copy of आर्यभट्ट.pdf,Biography (hindi),pdf,Devanagari,10/10/22
1An5VgCc-xqJMkFfBRrTpNOA1vrl7G84J,Copy of एकलव्य.pdf,Biography (hindi),pdf,Devanagari,10/10/22
1hQur1oB5HDezMzYi1zFNz4Rhvkg3Lc2g,Copy of कार्तिकेय.pdf,Biography (hindi),pdf,Devanagari,10/10/22
15JOr_K7xZwtwXbhfWca39pQQ2ZElHtVg,Copy of छत्रपति शिवाजी ( Hindi ).pdf,Biography (hindi),pdf,Devanagari,10/10/22
1SsGdr574gQLCft2W8nJsNNLpxeXu571j,Copy of छत्रपति शिवाजी.pdf,Biography (hindi),pdf,Devanagari,10/10/22
16l5qiJM2KcEeuINPoKPpsD94_HGcL70L,Copy of जगद्गुरु शंकराचार्य.pdf,Biography (hindi),pdf,Devanagari,10/10/22
1QmGyfqPsttGVjbiVYbc7-NDeGoNdYIqi,Copy of जीजाबाई.pdf,Biography (hindi),pdf,Devanagari,10/10/22
1jYiuFutoLRISxRG7e_F0kusyyqaL1djY,Copy of डॉ. हेडगेवार.pdf,Biography (hindi),pdf,Devanagari,10/10/22
1r_kK5LxzOQGbwWuFeAJ3pPb4C4WT7T2d,Copy of नेताजी सुभाषचंद्र बोस.pdf,Biography (hindi),pdf,Devanagari,10/10/22
1hj9Oxk6HjFuSx3o081llmEK1OCnxU7y6,Copy of पंडित_दीनदयाल_उपाध्याय.pdf,Biography (hindi),pdf,Devanagari,10/10/22
1doVx5cX6V9ZlGMONIiItZa6vik2Q0rd7,Copy of भक्त प्रहलाद.pdf,Biography (hindi),pdf,Devanagari,10/10/22
11BtWVS1UpkX-IkuYUL1816nHmuI0owPk,Copy of भगत सिंह.pdf,Biography (hindi),pdf,Devanagari,10/10/22
1H-rTHOPGuxrqtMdNHVJdBxGWo_4pFcrT,Copy of भगीरथ.pdf,Biography (hindi),pdf,Devanagari,10/10/22
1hWxLqTKZ0HSjgWufI_G1IBkRS2sqU8iM,Copy of भास्कराचार्य ( Hindi ).pdf,Biography (hindi),pdf,Devanagari,10/10/22
1CJkh-LoXyEKkqASWIbM-MmiyVkpCK2EG,Copy of महर्षि अगस्त्य.pdf,Biography (hindi),pdf,Devanagari,10/10/22
1KdL8g8NAdg-2pkN00o7u_BM9AmKVMt_b,Copy of महर्षि वाल्मिकी.pdf,Biography (hindi),pdf,Devanagari,10/10/22
1VIRbz0PPyC-_b3LYqSinG1MYP-FsSwzp,Copy of महर्षि विश्वामित्र.pdf,Biography (hindi),pdf,Devanagari,10/10/22
1iOGiA84tDY2VkO98ZsXkc8-YupqxifQ3,Copy of महर्षि वेदव्यास.pdf,Biography (hindi),pdf,Devanagari,10/10/22
1OaaeXWpv9KbnRX4d7y7z3Vf7WUwKKI33,Copy of महात्मा विदुर.pdf,Biography (hindi),pdf,Devanagari,10/10/22
1q6U0iE0TK5RRna6Zs5FQxQJTUqvVnGL2,Copy of महाराणा प्रताप ( Hindi ).pdf,Biography (hindi),pdf,Devanagari,10/10/22
1zGYPjQRKdhvmG1UVtjN9y3f3kN5AiJRs,Copy of महाराणा प्रताप.pdf,Biography (hindi),pdf,Devanagari,10/10/22
1rbPGw1BEDAAyGbDIQo9WUHp3GE_PpIj4,Copy of महाराणा_प्रताप_भारत_का_विर_योद्धा.pdf,Biography (hindi),pdf,Devanagari,10/10/22
17zUoXmIFVFegB7uXq_OilM87ufxqv00h,Copy of महासती द्रोपदी.pdf,Biography (hindi),pdf,Devanagari,10/10/22
1WvS43Xo6H5zVnNyHLnxz3zgQlIkCBR_Z,Copy of मीरा बाई का जीवन.pdf,Biography (hindi),pdf,Devanagari,10/10/22
11Vf71cfy96LG9HFdyoitfMKooZn2kqG2,Copy of मीराबाई.pdf,Biography (hindi),pdf,Devanagari,10/10/22
1egxQzhaZpRdQJPlUhnOXF6TXEM68sjar,Copy of मोक्षदायिनी गंगा.pdf,Biography (hindi),pdf,Devanagari,10/10/22
1zQi40ULB4N0rjMY6BOatUnVPEXVnDSY1,Copy of योगी_कथामृत_परमहंस_योगानंद.pdf,Biography (hindi),pdf,Devanagari,10/10/22
1KNYr0UgIbsHMWPHjNmEcITxoMD5-W6U9,Copy of राजा राम मोहनराय.pdf,Biography (hindi),pdf,Devanagari,10/10/22
1WiBfKIEKqBJBOgI3P-SGkaWR9EHazgUA,Copy of रानी लक्ष्मीबाई.pdf,Biography (hindi),pdf,Devanagari,10/10/22
1Ej2SKhRmxCWwRqEs_AapgHl8OAR6NWxV,Copy of लव-कुश की वीरता.pdf,Biography (hindi),pdf,Devanagari,10/10/22
1GSh6LHZTk3q4Q0ShQEHDsC5J7BqwKUOS,Copy of वीर अभिमन्यु.pdf,Biography (hindi),pdf,Devanagari,10/10/22
1vMZGxEth3Ak0Ut0sjxPkds7OGOJapW7G,Copy of वीर सावरकर.pdf,Biography (hindi),pdf,Devanagari,10/10/22
1VE6CtFWOEVg5UnqXbUaSM0mAv2xkijA9,Copy of श्री कृष्ण.pdf,Biography (hindi),pdf,Devanagari,10/10/22
1MBHmmcUZ36JBNl-z9s79zYEDAD5YUfyC,Copy of श्री राम.pdf,Biography (hindi),pdf,Devanagari,10/10/22
16lda0UL57BL2Fr_WzEXVxWMniQpOu5H7,Copy of सती अनुसुइया की कहानी.pdf,Biography (hindi),pdf,Devanagari,10/10/22
1Kk1sebuYixTtgy8VDafOyiYP6avYG4dw,Copy of सती सावित्री.pdf,Biography (hindi),pdf,Devanagari,10/10/22
1WE-Vduj0bBwOSfCl42JGGwxPXZ8ohENo,Copy of स्वामी विवेकानंद ( Hindi ).pdf,Biography (hindi),pdf,Devanagari,10/10/22
1yFXx6bJdT4-hIpurGV9fdn26QcqZi1wU,D48AE4C9-6BBA-409E-BBF1-535B6DC6C971.jpeg,Biography (hindi),image,English (assumed),11/17/22
1cqT9EHrpZIk9UNOfMcfsaEx0YBbBUEeO,D48AE4C9-6BBA-409E-BBF1-535B6DC6C971.jpeg,Biography (hindi),image,English (assumed),11/17/22
1TXbUhvooM_FLEhg9N6UutI_RkznTfo2l,Karna Ki Atmakatha (Hindi) (MANU SHARMA) (Z-Library).pdf,Biography (hindi),pdf,Hindi/Sanskrit,6/22/24
1n6OF25tDa3bxfOixxgiHVc7UzNZl4iuS,_सत्यवादी_राजा_हरिश्चंद्र_की_कथा.pdf,Biography (hindi),pdf,Devanagari,7/26/21
1niusFs71y1YHVkGeWgh3kCkCNcjzjMMx,आर्यभट्ट ( Hindi ).pdf,Biography (hindi),pdf,Devanagari,7/26/21
1nl71i8RDyLiqlgPdE3agiSObv3JjoAw1,आर्यभट्ट.pdf,Biography (hindi),pdf,Devanagari,7/26/21
1nsD4T9KmoweP3HM0qh7eMHyt9_8NSsMU,एकलव्य.pdf,Biography (hindi),pdf,Devanagari,7/26/21
1noGCtzmpSIJNbB3wd9ZgVZCYWrsi4hsT,कार्तिकेय.pdf,Biography (hindi),pdf,Devanagari,7/26/21
1nfDY9a91YRRxEMwIRrJ-XdlPr4UpBQ5V,छत्रपति शिवाजी ( Hindi ).pdf,Biography (hindi),pdf,Devanagari,7/26/21
1nhJl66MS9nvflPzhktgZftt3mGkLC1Cn,छत्रपति शिवाजी.pdf,Biography (hindi),pdf,Devanagari,7/26/21
1ndCcW5yqw-81oRLLNRin2qeKbqMSADs7,जगद्गुरु शंकराचार्य.pdf,Biography (hindi),pdf,Devanagari,7/26/21
1nbZ0dYINAUWZBc7xLgA91_Afw2_WpODy,जीजाबाई.pdf,Biography (hindi),pdf,Devanagari,7/26/21
1nUJJGpK4BtYB2_HINdW8OGEl6gCQCphx,डॉ. हेडगेवार.pdf,Biography (hindi),pdf,Devanagari,7/26/21
1nOyrvigQv5RUcTdVvnNxqKyBOA8dAbbx,नेताजी सुभाषचंद्र बोस.pdf,Biography (hindi),pdf,Devanagari,7/26/21
1n_0dYUaRqnZGvE4jHnDDBcrc2YT-gSEZ,पंडित_दीनदयाल_उपाध्याय.pdf,Biography (hindi),pdf,Devanagari,7/26/21
1nLfN9F_RzrGXtZday7Lrlg5VpgLi_AHU,भक्त प्रहलाद.pdf,Biography (hindi),pdf,Devanagari,7/26/21
1nRwq5c39lRt-yr_YNskru-Dw-N56_djp,भगत सिंह.pdf,Biography (hindi),pdf,Devanagari,7/26/21
1nFokl-qRtz4YqhamMTBb8pUgRjsrWq0n,भगीरथ.pdf,Biography (hindi),pdf,Devanagari,7/26/21
1nQLzpU4opEZ4J-g9pkC8kOmcXWLmKtPd,भास्कराचार्य ( Hindi ).pdf,Biography (hindi),pdf,Devanagari,7/26/21
1nC0GJEWMCfYCUWQd80Hp979bjq72jmTC,महर्षि अगस्त्य.pdf,Biography (hindi),pdf,Devanagari,7/26/21
1nJ8oc0x5HAwz9smCc6uD9ufYFEzQZET9,महर्षि वाल्मिकी.pdf,Biography (hindi),pdf,Devanagari,7/26/21
1n5NYEiMK_-cj9356K057oh_P2l5_sL28,महर्षि विश्वामित्र.pdf,Biography (hindi),pdf,Devanagari,7/26/21
1nExlIuoG58awCxrLFx2_6uucw3JHU9cr,महर्षि वेदव्यास.pdf,Biography (hindi),pdf,Devanagari,7/26/21
1mpIRl65yBU-eKhCzbd-MJKPIxULCwyvP,महात्मा विदुर.pdf,Biography (hindi),pdf,Devanagari,7/26/21
1n8xRlthGn_sCVS-5G5qw4qEn80RhjEaY,महाराणा प्रताप ( Hindi ).pdf,Biography (hindi),pdf,Devanagari,7/26/21
1n6LxBpQW506Q9P1sOLh-gfomnsCwTb3H,महाराणा प्रताप.pdf,Biography (hindi),pdf,Devanagari,7/26/21
1nA6oeAZGX7YfW2WMp-b3uMJZNuz8UcJI,महाराणा_प्रताप_भारत_का_विर_योद्धा.pdf,Biography (hindi),pdf,Devanagari,7/26/21
1n75CuYka7nHB1-OXGr4ywS38E4f523uE,महासती द्रोपदी.pdf,Biography (hindi),pdf,Devanagari,7/26/21
1n4OkBUrELXt48CKBkUzj7q-N2G9rZbDb,मीरा बाई का जीवन.pdf,Biography (hindi),pdf,Devanagari,7/26/21
1n4e1z9KTZlY7Itt3jnX9OR35Qq6Rsv4M,मीराबाई.pdf,Biography (hindi),pdf,Devanagari,7/26/21
1mtrU9sNbNJ_kweEhsFLn_EVWPLThlfJE,मोक्षदायिनी गंगा.pdf,Biography (hindi),pdf,Devanagari,7/26/21
1s-MtKSNNm9_LCieWyePBbPiI2SMXIj8k,योगी_कथामृत_परमहंस_योगानंद.pdf,Biography (hindi),pdf,Devanagari,7/30/21
1n-6ir3OYp_pytHRA9UEE8ze5MTcRjXun,राजा राम मोहनराय.pdf,Biography (hindi),pdf,Devanagari,7/26/21
1msZX1sNwV0gl8XOga4gLaaEvU3Nvk_r6,रानी लक्ष्मीबाई.pdf,Biography (hindi),pdf,Devanagari,7/26/21
1mhew-rV_8LJjbUDR3Vouml6BXm910jSp,लव-कुश की वीरता.pdf,Biography (hindi),pdf,Devanagari,7/26/21
1mf7A8IYbNbRrF1JMgkJ79ozcAAJq6aH2,वीर अभिमन्यु.pdf,Biography (hindi),pdf,Devanagari,7/26/21
1mdDa496bGx4xniYeohkm0bNbzwiVgRgi,वीर सावरकर.pdf,Biography (hindi),pdf,Devanagari,7/26/21
1moTHMbce35rQhI722lzEYp75cK6TE_vr,श्री कृष्ण.pdf,Biography (hindi),pdf,Devanagari,7/26/21
1mflc-p6tprUOCQX8S4jyCoNuNXTYZ6gV,श्री राम.pdf,Biography (hindi),pdf,Devanagari,7/26/21
1mm_q9T9dWP_dkruPsjQHNZTHDEijV2US,सती अनुसुइया की कहानी.pdf,Biography (hindi),pdf,Devanagari,7/26/21
1mdwCkfM0g82HcAVlP7dei09TB-IWyh4-,सती सावित्री.pdf,Biography (hindi),pdf,Devanagari,7/26/21
1mepE8tcRpiPWnmB-8HFB5TrESK3zKsMI,स्वामी विवेकानंद ( Hindi ).pdf,Biography (hindi),pdf,Devanagari,7/26/21
1Zc1NtPMdkCGQXjYpWpFDXCuXHqmLeUEk,Brahma-Sphuta-Siddhanta_VOL_I.pdf,Brahma sphutha sidhantha,pdf,English (assumed),7/22/21
1ZrG3h5xl2t754jiOl11-WjqpFj_z1Hg9,Brahma-Sphuta-Siddhanta_VOL_II.pdf,Brahma sphutha sidhantha,pdf,English (assumed),7/22/21
1Zg-KJ9VaM7zSKOEsQ4ErKgAezh9vR3GL,Brahma-Sphuta-Siddhanta_VOL_III.pdf,Brahma sphutha sidhantha,pdf,English (assumed),7/22/21
1Zw3HdMEMPkxdczR7RVC8agTdUM3i7aai,Brahma-Sphuta-Siddhanta_VOL_IV.pdf,Brahma sphutha sidhantha,pdf,English (assumed),7/22/21
1n6cvcYKLLIShg9BRldetO-im5Mrrxxer,D48AE4C9-6BBA-409E-BBF1-535B6DC6C971.jpeg,Brahma sphutha sidhantha,image,English (assumed),11/17/22
1Bd6agXm0He0UyQSpoi4860AedFCwFV_i,Brahma Sutras - According to Sri Sankara by Swami Vireswarananda [Sanskrit-English].pdf,Brahma sutra (English),pdf,English,4/11/23
1UY5GUKHdiCQ-8I7-rWeYd0maIXFhU_ZL,gita-press-vedant-darshan-brahmasutra-sanskrit-hindi.pdf,Brahma sutra (hindi),pdf,Hindi/Sanskrit,4/11/23
1-ifyk644Ek3cG0UJ9Fc_AJPNuFIqwOdH,Chakras.pdf,Chakras,pdf,English (assumed),8/5/21
16dbjfi5_qtxwI1QYAUXF1lFrCvbGZmeX,D48AE4C9-6BBA-409E-BBF1-535B6DC6C971.jpeg,Chakras,image,English (assumed),11/17/22
11CAf32Hl4oPjCXRWmfEBicnNr1WVRSPk,chakra-mahavijnan.pdf,Chakras hindi,pdf,English (assumed),5/28/23
1ZOuFQ_W1dtSUGQB-6GWe4NbgelHFe659,Bajrang Baan.pdf,Chalisa (Hindi),pdf,English (assumed),7/22/21
1Awevv_zWOhl1T11uYrQ-aRs4l-0LLBEM,D48AE4C9-6BBA-409E-BBF1-535B6DC6C971.jpeg,Chalisa (Hindi),image,English (assumed),11/17/22
1Z6a7obltCiuCILRiy1uPnexPmf9tpXmM,Durga Chalisa.pdf,Chalisa (Hindi),pdf,English (assumed),7/22/21
1Z-xcNyP9UCRAxzRSMMURzo-IGkjhNTj0,Ganesh Chalisa.pdf,Chalisa (Hindi),pdf,English (assumed),7/22/21
1YwIVGbzEPiIMjcN_7LO-ul2_PLoT351j,Gayatri Chalisa.pdf,Chalisa (Hindi),pdf,English (assumed),7/22/21
1YqtcfJfgs-NZFBuFZOavV9LskAoa-v2o,Hanuman Chalisa.pdf,Chalisa (Hindi),pdf,English (assumed),7/22/21
1YpOiwAzYGBSer-xDgmikBMTasZqzha15,Navgraha Chalisa.pdf,Chalisa (Hindi),pdf,English (assumed),7/22/21
1YjZdDmODr-k68JRXN83rSXoKQmBQsj_Y,Santoshi Maa Chalisa.pdf,Chalisa (Hindi),pdf,English (assumed),7/22/21
1YcoED2PonkaUf23e4H59VivlOKw5R9nU,Sarasvati Chalisa.pdf,Chalisa (Hindi),pdf,English (assumed),7/22/21
1YcCPby6y4H4lG_sQSpezRMET-wz7O8sW,Shiv Chalisa.pdf,Chalisa (Hindi),pdf,English (assumed),7/22/21
1YUHfq9Q2nMawZTQkL0Nx22pKfZLjXof0,Sri Gajendra Moksha.pdf,Chalisa (Hindi),pdf,English (assumed),7/22/21
1YZ3I4o4zQflddmahFxdPCAclVMzMaCB_,Sri Krishna Chalisa.pdf,Chalisa (Hindi),pdf,English (assumed),7/22/21
1YBVN58zHIJLTbDGXfGht1xzAQFdogRKb,Sri Laxmi Chalisa.pdf,Chalisa (Hindi),pdf,English (assumed),7/22/21
1Y4f_lFx3Bxh_UtaUw_1SibQILDy_vUr9,Sri Shani Dev Chalisa.pdf,Chalisa (Hindi),pdf,English (assumed),7/22/21
1XxmB2KjEW2JLnvMSN48gl-crhWVgGcWw,Swar vigyan.pdf,Chalisa (Hindi),pdf,English (assumed),7/22/21
1Yk2_9UrcxsFiIQtZOmSUWDaoe_yjqqCK,hanumanchalisa_Marwadi_Sanskrit.pdf,Chalisa (Hindi),pdf,Hindi/Sanskrit,7/22/21
1fTw7MP2Hj-g1dvGCf9rpbB-0-yMLjx1E,Chanakya Niti Darpan.pdf,Chanakya niti,pdf,English (assumed),7/22/21
1_vF-BovXFjmxpWk3N49F_pZTLzFiF5U7,D48AE4C9-6BBA-409E-BBF1-535B6DC6C971.jpeg,Chanakya niti,image,English (assumed),11/17/22
1ICRlZEiK4VGsXX5DYHMQkOR_kOG2NcZ1,3374.pdf,Devnagri,pdf,English (assumed),4/28/25
16Zt4PsmKjIkSbLA33auM0nXGQ3Ea5XlX,8_Hindi Bhasha evm Devnaga.pdf,Devnagri,pdf,Hindi/Sanskrit,4/28/25
1GMo9J7RwKE5e-YuaBxxaw1NXTTNty4Iy,Deskbook on Orthography of Devanagari Script (2)_compressed.pdf,Devnagri,pdf,English (assumed),4/28/25
1kfaqYQ88i76szRUnUmnTz9p_TKGu9pm0,devanagari-lipi.pdf,Devnagri,pdf,English (assumed),4/28/25
1fE9EH7VKt1lPwPZIxSwgWXC7efKNDxio,ebharati-pdf-1674278317DhanurvedaSamhita-Sam-1958.pdf,Dhanurved samhita,pdf,Hindi/Sanskrit,Feb 28
1cFukJYksbNnllPVgyEokFJwMFS1Mu50C,durga-saptashati-hindi.pdf,Durga saptsati,pdf,Hindi/Sanskrit,8/4/23
17vU5czJFEZA931Q1a6pkkwsmnPDvVin-,D48AE4C9-6BBA-409E-BBF1-535B6DC6C971.jpeg,Famous stories,image,English (assumed),11/17/22
1pCOGqYPwhV6e9AwthfXhO7i-V1-vcjaJ,_कर्ण_से_जुडी_कुछ_रोचक_बातें_.pdf,Famous stories,pdf,Devanagari,7/26/21
1CxqnVXbOvXSUg1tDXu7YFCnePWxPeLyR,instapdf.in-karva-chauth-vrat-katha-299.pdf,Famous stories,pdf,English (assumed),10/12/22
1p9cvyWsue5KepE9MsUT0ns5VtoPpYIXF,क्यों_है_ब्रह्मा_जी_का_पुरे_भारत.pdf,Famous stories,pdf,Devanagari,7/26/21
1p54DVd_Iyur35fCek5c0ik9nfr2ha55t,पंचतंत्र_की_लोकप्रिय_कहानियां.pdf,Famous stories,pdf,Devanagari,7/26/21
1p51ynt4rSnmxgemwQXhHO5I8P-wwD2Ws,महाभारत For Students.pdf,Famous stories,pdf,Devanagari,7/26/21
1p4rEBbaMBmzO5acWY2s7iUrk-zEw-GbP,महाभारत_में_वर्णित_ये_35_नगर_आज.pdf,Famous stories,pdf,Devanagari,7/26/21
1otk1nqA6acYWbEMtEHpiRRy2rIaKgHZK,रामायण For Students.pdf,Famous stories,pdf,Devanagari,7/26/21
1ovVkYPiiQN96O0VXpekxi-Y_CEVF5zkr,रामायण_काल_के_अस्तित्व_के_सबूत.pdf,Famous stories,pdf,Devanagari,7/26/21
1os9uoB7bcw6-EFZZWs15rWsB1x1cnMvR,रामायण_की_प्रत्येक_घटना_बिलकुल_सच.pdf,Famous stories,pdf,Devanagari,7/26/21
1oj5TqFUCUWUiAAuQFI4wdPPXpJrsbxJm,विक्रम और बेताल.pdf,Famous stories,pdf,Devanagari,7/26/21
1oa7R2xSHGJVEouHH3TPyUE1_al-fbw5r,श्री कृष्ण लीला दर्शन.pdf,Famous stories,pdf,Devanagari,7/26/21
1ogynoYJbvMP8Nis1N5IylV2_BAORRM09,श्री_विष्णु_सहस्र_नाम_स्तोत्रम्.pdf,Famous stories,pdf,Devanagari,7/26/21
1oLpXNTN8fxYC4Kn-fMTkcSFzcXj9GfMr,समुद्र_मंथन_से_निकले_थे_ये_14_रत्न.pdf,Famous stories,pdf,Devanagari,7/26/21
1o56Kh1bpM5e6osR3dAfxcrDNU5c7BF5s,सम्पूर्ण चाणक्य नीति.pdf,Famous stories,pdf,Devanagari,7/26/21
1oAml3J_RATwrz53ytnr7bQ9gmVAXli93,स्वामी_विवेकानंद_मन_की_शक्तियां.pdf,Famous stories,pdf,Devanagari,7/26/21
1GNvVqEEZZrus7Le81sEysJi5mcZSzUdS,006_Arun_Sanhita_Lal_Kitab_Hare_Krishna_Trashta.pdf,GRANTHS(Hindi&amp;English),pdf,English (assumed),6/6/23
1ZzIUrrxrzVYn4wsdHVLb0dek8KgWeGN2,ArthurAvalonKularnavaTantraEng.pdf,GRANTHS(Hindi&amp;English),pdf,English (assumed),7/22/21
1VHc-uW_kdsKfIJICkOgsuo6oY_ncDY_u,Ashtadhyayi_Padanukram_Kosh_016112_std.pdf,GRANTHS(Hindi&amp;English),pdf,English (assumed),6/6/23
1aNiKlcmMqIzckcJ1xxNhdQUGFHKerAcf,BhaiBaleWaliJanamSakhi.pdf,GRANTHS(Hindi&amp;English),pdf,English (assumed),7/22/21
1aQ073uftzEPdhWfQAYHYauop8tZVrYtH,BhaiBaleWaliJanamSakhiPunjabi.pdf,GRANTHS(Hindi&amp;English),pdf,Other Indic,7/22/21
1a9xfqCKE8tuqPPnAxpDWIansTHUPyFq8,CHAKRAS-ENERGY-VORTEXES-BOOK-1.pdf,GRANTHS(Hindi&amp;English),pdf,English (assumed),7/22/21
1_gZPBBM61oMXlFkcxJDCXqkpaDZlTxMg,Caitanya-caritamrita_Adi_Lila (1).pdf,GRANTHS(Hindi&amp;English),pdf,English (assumed),7/22/21
1_jBOcMDe7YS6VWsS4iMtCoU6SwnOINfK,Caitanya-caritamrita_Antya_Lila.pdf,GRANTHS(Hindi&amp;English),pdf,English (assumed),7/22/21
1a0dAsvFZSdFjirwmHjIv6DdZ9oAYN0Bs,Caitanya-caritamrita_Madhya_Lila.pdf,GRANTHS(Hindi&amp;English),pdf,English (assumed),7/22/21
1a9lD68sqY69TGNvGWjYe0H7Gtf9A116a,Chakraca.pdf,GRANTHS(Hindi&amp;English),pdf,English (assumed),7/22/21
1aPycmH-exL4qw1rKXF4zthcn49BD24_P,"Concepts of Space, Time, and Consciousness in Ancient India.pdf",GRANTHS(Hindi&amp;English),pdf,English (assumed),7/22/21
1xefAgLsQAErcwVCDS5PCQdc5KSo_4C41,D48AE4C9-6BBA-409E-BBF1-535B6DC6C971.jpeg,GRANTHS(Hindi&amp;English),image,English (assumed),11/17/22
1aQk3fM-_6ltmlQNq5AlwWAQVH5kz468D,Divya_prerna_prakash.pdf,GRANTHS(Hindi&amp;English),pdf,English (assumed),7/22/21
1arlRDFK6X6icFvQSN_l_hb9ChiaMqW4N,"GEET SANSKRIT,GUJ Hindi &amp; ENG.pdf",GRANTHS(Hindi&amp;English),pdf,Hindi/Sanskrit,7/22/21
1bORuFzIP4WAfU61nxb0Su8JA0k-tg-3R,"GOPI GEET SANSKRIT,GUJ Hindi &amp; ENG.pdf",GRANTHS(Hindi&amp;English),pdf,Hindi/Sanskrit,7/22/21
1b62icWyhB8VWDQiM-fMduy6z11PCWX77,Gayatri Worship.pdf,GRANTHS(Hindi&amp;English),pdf,English (assumed),7/22/21
1nv6oyD-8BOzIktVfuDJy3Jq3a_u0b8xG,Gheranda Samhita.pdf,GRANTHS(Hindi&amp;English),pdf,English (assumed),6/6/23
1b6QWTXyEUwQe-NvLn6wBJnllz5d1l516,Gheranda Samhita_sanskrit_Eng.pdf,GRANTHS(Hindi&amp;English),pdf,Hindi/Sanskrit,7/22/21
1etwkIMvSx_rxyuZU_-acX_ao_uTqEyK6,Gita-Sadhale.pdf,GRANTHS(Hindi&amp;English),pdf,English (assumed),7/22/21
1CFH0OpJ5QXC5vSqUuTFqbkH5cGSSht8G,Harivamsha-Purana-Gitapress.pdf,GRANTHS(Hindi&amp;English),pdf,Hindi/Sanskrit,6/6/23
1dDffwoxKjMcpaWzUMHlF9DFyyZQ-28DK,Hindi Book-Devi Bhagvat Puran.pdf,GRANTHS(Hindi&amp;English),pdf,Hindi/Sanskrit,7/22/21
1rjl6udPDDMYAYVYdxzqS3WUX83kCu-1v,HindiBook-shiva-samhita.pdf,GRANTHS(Hindi&amp;English),pdf,Hindi/Sanskrit,6/6/23
1bxFtA9DzO1p15JaCbAA2vKQT3fJ5MDhX,Introduction-to-Vedanta-by-Swami-Dayananda.pdf,GRANTHS(Hindi&amp;English),pdf,Hindi/Sanskrit,7/22/21
1ydidRHi5x6txwZLtsBBVhdHMy_Dc3RdL,Karmvipak samhita.pdf,GRANTHS(Hindi&amp;English),pdf,English (assumed),6/6/23
1br1zhQIurF9U_KVtPm5icbGsR1f9S2hj,Kundalini-the-evolutionary-energy-in-man-by-Gopi-Krishna.pdf,GRANTHS(Hindi&amp;English),pdf,English (assumed),7/22/21
1br4G6b5ikYRkF7IauRnl9SkcRIg7o2Bj,Laghu-yoga-vasishta-English.pdf,GRANTHS(Hindi&amp;English),pdf,English,7/22/21
1buoc8DH-8Yn-zemP6uWdKJZlUoYCv9LF,Manglacharana.pdf,GRANTHS(Hindi&amp;English),pdf,English (assumed),7/22/21
1bvkO4sjUIzvATgEvm6rD_XS2rCbe9n3_,Mantreswara_s__Phaladeeplka.pdf,GRANTHS(Hindi&amp;English),pdf,English (assumed),7/22/21
1by03K7ibL8-51G659BB-EsTrgbU8kVyg,Narad_Bhakti_Shandilya_1p65.pdf,GRANTHS(Hindi&amp;English),pdf,English (assumed),7/22/21
1c46pw2ewiQl-Jiwz8PW_4jImu38GzJgs,Nataraaja Ashtotharam01.pdf,GRANTHS(Hindi&amp;English),pdf,English (assumed),7/22/21
1c81MilDgcQJjPC2j-9nW71OKz_U1l5ni,Nitnem in Devanagari_hindi_english.pdf,GRANTHS(Hindi&amp;English),pdf,English,7/22/21
1c8lGPrgLimvasCHBxvMJckZVNEQumJp4,Om_chant_Effect_on_Nervous_system.pdf,GRANTHS(Hindi&amp;English),pdf,English (assumed),7/22/21
1cX-ptmBSuHrVGcefu7JZDRwDtSSHbB5z,Power of Mantra.pdf,GRANTHS(Hindi&amp;English),pdf,English (assumed),7/22/21
1cZ4rrC_RwbeTEW2PXiyyeBNB1NBtnHHu,Prasad.pdf,GRANTHS(Hindi&amp;English),pdf,English (assumed),7/22/21
1cyqKkD3sfypkv2jK9OqiLAvN_qGMbRCG,Raghav anulom vilom.pdf,GRANTHS(Hindi&amp;English),pdf,English (assumed),7/22/21
1cmfL5JcK0lPv_iPH8_mZdQE8XUpKdOMG,Raghav-yadviyam.pdf,GRANTHS(Hindi&amp;English),pdf,English (assumed),7/22/21
1dahAgGJ8S3AFStQdfMVftjOCkz-7OaCJ,RekhaganitaVOL_II_DLI.pdf,GRANTHS(Hindi&amp;English),pdf,English (assumed),7/22/21
1dBs-qbiksg1IBJ05WABSFpGR_zrY1V3G,RylbMXI2Ts6mwdUmAVTV_सिकंदर.pdf,GRANTHS(Hindi&amp;English),pdf,Devanagari,7/22/21
1dIYdHlCNa3t_oP6oq1bX3dGH9C42P2K-,Sandhyaa Rahasya  Pt chamupati.pdf,GRANTHS(Hindi&amp;English),pdf,English (assumed),7/22/21
1dOfOyawiHjGwqdSY8dBt3Xp-3LWWdSo5,Satyarthaprakasa.pdf,GRANTHS(Hindi&amp;English),pdf,English (assumed),7/22/21
1dSe_P5ds2z-skqb2MmPu7SHlervwCedR,Science_and_Astronomy_IJTK 13(4) 716-724.pdf,GRANTHS(Hindi&amp;English),pdf,English (assumed),7/22/21
1e17HUWS4-g3WqG6qlN9VQhj4VCdeucnj,ShivaSahinta_WithHindiTika.pdf,GRANTHS(Hindi&amp;English),pdf,Hindi/Sanskrit,7/22/21
1dpmNAP1aD_4PZ3vJNC2eGWQkXZv4yx8k,Shiva_Sahinta_WithHindiTika.pdf,GRANTHS(Hindi&amp;English),pdf,Hindi/Sanskrit,7/22/21
1drZq_4npgB_OPACpOPhLL8iFkvBFTiGC,Solar_Eclipse_Om.pdf,GRANTHS(Hindi&amp;English),pdf,English (assumed),7/22/21
1dymduvhDaTyd1xraeOFl1O4b8-rGac8S,Spectral_Analysis_Om.pdf,GRANTHS(Hindi&amp;English),pdf,English (assumed),7/22/21
1dzIE2r-Y3Uat9KThnv3S8rPqsWumOB1J,Sri Vishnu sahasranaam satrotam.pdf,GRANTHS(Hindi&amp;English),pdf,English (assumed),7/22/21
1e-ga5e3dPR7aQNArPhuFY0fmDdHEyRS-,Sri_Vishnu_sahasranaam_satrotam_sanskrit.pdf,GRANTHS(Hindi&amp;English),pdf,Hindi/Sanskrit,7/22/21
1e2bC4wf0UIjLOaDTP8zYm6W0eSIySyRF,Thompson_Richard_L._(aka_Sadaputa_dasa)_-_Vedic_Cosmography_and_Astronomy.pdf,GRANTHS(Hindi&amp;English),pdf,Hindi/Sanskrit,7/22/21
1e2qd3xPyO4PwKSq-Z2hb8YgHpeHUPMWV,Time_Frequency_Analysis_Om.pdf,GRANTHS(Hindi&amp;English),pdf,English (assumed),7/22/21
1e4EupI8-kAKshlWa9Qbt0NdT_UHaB4La,Tukaramgatha_hindi.pdf,GRANTHS(Hindi&amp;English),pdf,Hindi/Sanskrit,7/22/21
1e8Yn2diT0L9Ist1RvzAS-RBhf98L_YOH,Vastu-for-House-eBook.pdf,GRANTHS(Hindi&amp;English),pdf,English (assumed),7/22/21
1esj-RBGTNj2cXOGlh-VjIAaJo9SH0ePf,Vrddhayavanjataka of Minaraja 1.pdf,GRANTHS(Hindi&amp;English),pdf,English (assumed),7/22/21
1eSYzg8WGWFD8tmpIsuCjvrFnLym6YSql,Vrddhayavanjataka of Minaraja 2 (2).pdf,GRANTHS(Hindi&amp;English),pdf,English (assumed),7/22/21
1eMZjY4uydPcTk0m3QnY4yRJORXZxveHT,Yoga-rasayanam-sanskrit-hindi.pdf,GRANTHS(Hindi&amp;English),pdf,Hindi/Sanskrit,7/22/21
1tb6ow0eXaxTCAog1hC9ghXLFxyypE3iB,Yogi Kathamrita.pdf,GRANTHS(Hindi&amp;English),pdf,English (assumed),6/6/23
1etuc8KOgQz_E18IfKrFcInCUagmqaB75,anandramayan.pdf,GRANTHS(Hindi&amp;English),pdf,English (assumed),7/22/21
1_8ELbtA81YK9ZXISyCUqtjzRi1jHtteK,aryabhata_with_english_commentary.pdf,GRANTHS(Hindi&amp;English),pdf,English,7/22/21
1_8rijJMVPflEB0BJitNfdIV-KM3LUIHr,bhavanbhaskar-vastu-shastra (1).pdf,GRANTHS(Hindi&amp;English),pdf,English (assumed),7/22/21
1_HdKLXkX3jUFu2VauH_kj3loWCmVDoUg,bhavanbhaskar-vastu-shastra.pdf,GRANTHS(Hindi&amp;English),pdf,English (assumed),7/22/21
1bWfFsmtnn1dJbweG7QjxAVUHJkKcg5BN,bhrigu-samhita-hindi1.pdf,GRANTHS(Hindi&amp;English),pdf,Hindi/Sanskrit,7/22/21
1aEd95BFVN5-pRzG91AcjaI8A0Wa7fJdR,bijak_kabir-_saheb.pdf,GRANTHS(Hindi&amp;English),pdf,English (assumed),7/22/21
1_PBPN7mjipwgRsAZcrZ83Ax8UUhJNeZZ,bmcjyY4xSXasjO68ISeW_अथर्ववेद.pdf,GRANTHS(Hindi&amp;English),pdf,Devanagari,7/22/21
1_UgLSNfrYLPSgft2mcqWcbcF1SLcDDyk,bramsutr.pdf,GRANTHS(Hindi&amp;English),pdf,English (assumed),7/22/21
1_UsePvy6JB3jyZcfNYVPl0xPJjiIIxkx,bramsutrSanskrit.pdf,GRANTHS(Hindi&amp;English),pdf,Hindi/Sanskrit,7/22/21
1_W-aDBydPrMVIuJEdRyaKzA0DmKpwN4b,brihat_parashara_hora_shastra_english_V.pdf,GRANTHS(Hindi&amp;English),pdf,English,7/22/21
1_WgaxefGJNeR9FtVnI6LDOG9W7YN70PE,caitanya mahaprabhu ki siksa (hindi) 4th ed.pdf,GRANTHS(Hindi&amp;English),pdf,Hindi/Sanskrit,7/22/21
1aNrRHf5RAWhVfJLVjcrrht9sB1KUWCx4,chanakyasutrani-skt-text-with-hindi-commentary-1946.pdf,GRANTHS(Hindi&amp;English),pdf,Hindi/Sanskrit,7/22/21
1bMrZH2nBVM4N333uDgE6Run1-8dqXW5C,charaksamhitaatridevajigupt-vol-1.pdf,GRANTHS(Hindi&amp;English),pdf,English (assumed),7/22/21
1dHVHCnEnltCIJb4StNh5OzZmosPoEG__,charaksamhitaatridevajigupt-vol-2.pdf,GRANTHS(Hindi&amp;English),pdf,English (assumed),7/22/21
1apz2BQn_N6Jm9oLJLAzBI4c1I9tPoXvB,dasamgranth_all.pdf,GRANTHS(Hindi&amp;English),pdf,English (assumed),7/22/21
1aWPoCdfIqQ9L2EY_JOcQeMddr1v51GwO,durga-saptashati-hindi.pdf,GRANTHS(Hindi&amp;English),pdf,Hindi/Sanskrit,7/22/21
1afbCwO__u0HVU9a6mpcJgZ0TOLUpRy4R,freq analysisi of OM.pdf,GRANTHS(Hindi&amp;English),pdf,English (assumed),7/22/21
1apo2uKaklr29YAANNErq3IVZUjRUBfd6,from Vedic Science to Vedant.pdf,GRANTHS(Hindi&amp;English),pdf,Hindi/Sanskrit,7/22/21
1bTL6cyVKc_ku35qPy6GBRwB6K1lDHbgk,gita-press-vedant-darshan-brahmasutra-sanskrit-hindi.pdf,GRANTHS(Hindi&amp;English),pdf,Hindi/Sanskrit,7/22/21
1bOXa1Pqq_IjmeeD5oFBtejjjklRtUvlv,harinama-mahamantra 10th ed (hindi)-1-.pdf,GRANTHS(Hindi&amp;English),pdf,Hindi/Sanskrit,7/22/21
1bf2D4fxoP3hRxWQQT6T6s_O2Yx_ch9zC,kashyapa01sutra.pdf,GRANTHS(Hindi&amp;English),pdf,English (assumed),7/22/21
1--QJqgYiSAQd5Pj7qBp3h56qktGdjBlQ,mantra-vigyan.pdf,GRANTHS(Hindi&amp;English),pdf,English (assumed),6/6/23
1byIZlBd-PRw9pRo5zNK014KOrOZd0u22,narayan-kwach.pdf,GRANTHS(Hindi&amp;English),pdf,English (assumed),7/22/21
1c6MM4JdUougxZ4bnXoEh7F_cO5C5t1-3,nayanar.pdf,GRANTHS(Hindi&amp;English),pdf,English (assumed),7/22/21
1cCgny-qVwm96sWx-56bffO1I2lGrnYjp,om1.pdf,GRANTHS(Hindi&amp;English),pdf,English (assumed),7/22/21
1cl5TPLGXNRH7nHwKcGowJGxZ5rSqoHrK,panchatantrasanskrithindi-jpmishra1910.pdf,GRANTHS(Hindi&amp;English),pdf,Hindi/Sanskrit,7/22/21
1cE6xGludAglpKraIsLeMgAlFo2CmLOpC,panchatantrasanskrithindi-jpmishra1910.pdf,GRANTHS(Hindi&amp;English),pdf,Hindi/Sanskrit,7/22/21
1dBD4j8KFvz121iHp9Fpp8oeo8qBcVOsE,research-report-on-puran (2).pdf,GRANTHS(Hindi&amp;English),pdf,English (assumed),7/22/21
1eFA9XQ99yGFMkoYOibu9B6_P3XS8EBRH,sabdakalpadrumah - 04.pdf,GRANTHS(Hindi&amp;English),pdf,English (assumed),7/22/21
1eCGq1riR8mtKZ5hSeBd0UoGEuZBqSYjK,sabdakalpadrumah - 05 (1).pdf,GRANTHS(Hindi&amp;English),pdf,English (assumed),7/22/21
1dQqj_g78_UQm00DY4z5OIPXFgFW8c-GV,sby-a-research-study.pdf,GRANTHS(Hindi&amp;English),pdf,English (assumed),7/22/21
1dYanSNd6-quNFCWLUTxSE69HV0VeEWtu,selected Mantras_English.pdf,GRANTHS(Hindi&amp;English),pdf,English,7/22/21
1dZSQ8r-SjS-CuumjsvgFZTScBfc5TzTG,shiv thadav stotram.pdf,GRANTHS(Hindi&amp;English),pdf,English (assumed),7/22/21
1dhEUMSd7VgwI68TJlAe4Ct91DMyWRllb,shiva-swarodaya-sanskrit-hindi.pdf,GRANTHS(Hindi&amp;English),pdf,Hindi/Sanskrit,7/22/21
1e11VviZYx0fFDq57Zb508iWyD-VRZWcV,super brainYoga_Research-English.pdf,GRANTHS(Hindi&amp;English),pdf,English,7/22/21
1egWW8mHk5pR-XzCOwOEUk29aKa0XAPLK,suryaSiddhantaEnglish.pdf,GRANTHS(Hindi&amp;English),pdf,English,7/22/21
1e5EWnp-DJvhg_9ylVSDKaEC4vkPbgIVE,vachanamrut_001.pdf,GRANTHS(Hindi&amp;English),pdf,English (assumed),7/22/21
1eSm7wYg0YELNtRqziYhZgPpucNj0cGoh,vedant-darshan-brahmasutra-sanskrit-hindi.pdf,GRANTHS(Hindi&amp;English),pdf,Hindi/Sanskrit,7/22/21
1eJ2-wB_uydfFTM0Ci8GtVXiZjFMkKmS5,vivakchudamani.pdf,GRANTHS(Hindi&amp;English),pdf,English (assumed),7/22/21
1eH72lBJRoRBLNpIi67j-MN7wnNtJQDdm,vraja-mandala parikrama 2ed (hindi).pdf,GRANTHS(Hindi&amp;English),pdf,Hindi/Sanskrit,7/22/21
1ILTbCEMmoW11kkOW-FdDyXqQFhhg4oQO,001-Garg-Sanhita.pdf,Garg sanhita,pdf,English (assumed),4/6/24
1eC1CqiejwpTSeeVXWZy68LquX0J0-uq8,D48AE4C9-6BBA-409E-BBF1-535B6DC6C971.jpeg,Geeta (Gujarati),image,English (assumed),11/17/22
1wX1W9T4kovOzzhP93tvSuhgi5r8ynjX6,Srimad-Bhagavad-Gita-in-Gujarati.pdf,Geeta (Gujarati),pdf,Other Indic,10/26/22
1Tb-oCDHJJWRoZ50T-2aLUuloe-n8HpaK,Yatharth gita Gujrati .pdf,Geeta (Gujarati),pdf,English (assumed),10/26/22
1RF4GoVDlHSDNSyvzAfwxd_G07HLvrCnO,D48AE4C9-6BBA-409E-BBF1-535B6DC6C971.jpeg,Guru Geeta,image,English (assumed),11/17/22
1iEV4sYYk633QBUzYfrYPtnmbnUImXjzr,GuruGita.pdf,Guru Geeta,pdf,English (assumed),7/22/21
1RaYee_Z8AYs2c-aBjuXdqWz8eedkL9em,-sankat-mochan-hanuman-ashtak-304 2.pdf,Hanuman ashtak,pdf,English (assumed),8/5/23
12jayxAApEA0hD5KVg8KXAMvTMpPvAwA0,Sankat Mochan Hanuman Ashtak  2.pdf,Hanuman ashtak,pdf,English (assumed),8/5/23
1owsggbI0vTXkyRhioHT85r_XfTWHYlMg,hanuman-bahuk-gitapress.pdf,Hanuman bahuk,pdf,English (assumed),8/5/23
1yng7JxElJ9eEMX3mLwHFei4baVJj8b54,WG989-1988 -Hanumad Rahasyam.pdf,Hanumat rahasyam,pdf,English (assumed),7/30/23
1FMeIsm84UAQGmQSoCnKP5dPjuS2PzcDv,हस्तरेखा विज्ञान और पंचांगुली साधना.pdf,Hasthrekha book,pdf,Devanagari,9/25/21
1Viv1LvoRAhofQCDaqLVaYogEmbN9jH7Z,D48AE4C9-6BBA-409E-BBF1-535B6DC6C971.jpeg,Hindu rituals,image,English (assumed),11/17/22
1pG_VA1uaZrEujtUM5yMF5U1HqOevrVVV,Hinduo Ke Riti Riwaj Tatha Manyatayein (Hindi).pdf,Hindu rituals,pdf,Hindi/Sanskrit,7/26/21
1pWsSJp8svk-B14VJPAn-Yl65kfN57Ukq,हिन्दुत्व_विभिन्न_पहलू_सरलता_से.pdf,Hindu rituals,pdf,Devanagari,7/26/21
1pSEbaEsuGDxalcL-KWkztTwyhA9Wya0f,हिन्दू धर्म.pdf,Hindu rituals,pdf,Devanagari,7/26/21
1pNdguZRzHvbXfn7nR2_xma9wN7ADmxty,हिन्दू_धर्म_हमारा_जन्मप्राप्त_धर्म.pdf,Hindu rituals,pdf,Devanagari,7/26/21
1TooH_GWWZTL2FoSq5UW8y-s_bH15w7h3,maa-kamakhya-mantra-sadhana.pdf,Kamakhya sadhna,pdf,English (assumed),4/23/23
1UACVaUWay6Wc-T-ORFpUEX7JKjtvk5tH,D48AE4C9-6BBA-409E-BBF1-535B6DC6C971.jpeg,Kamasutra,image,English (assumed),11/17/22
1m-yXMg8xAQfASE76CT9DfKEftCLcSPCn,Kamasutra of Vatsyayan with Hindi Trans. by Ramanand Sharma Series No. 4 - Bitthal Das Sanskrit Series.pdf,Kamasutra,pdf,Hindi/Sanskrit,6/17/24
18a-Ajaztu6EdmRlF3aP1yllNWfZGWE3A,TheKamaSutraofVatsyayana_11359535.pdf,Kamasutra,pdf,English (assumed),8/12/22
1BHLhleVGPQvGy0RvVGLXTN0XeyN0P9X5,instapdf.in-kamasutra-132.pdf,Kamasutra,pdf,English (assumed),8/12/22
14zcYdI6ZUfGNM2GCL8zFTynpCRfSFCiF,kamasutraofvatsy00vatsuoft.pdf,Kamasutra,pdf,English (assumed),6/17/24
1tYZLDmHyRMy3h8xQQVdOh5NRE5rxGPfV,D48AE4C9-6BBA-409E-BBF1-535B6DC6C971.jpeg,Kundalini,image,English (assumed),11/17/22
1H7Lwhu9tT52L1yoDZvgi4PiFj2AwQh98,Kundalini Yog - Dr. Rakesh Giri.pdf,Kundalini,pdf,English (assumed),10/24/22
1LJMK7RN7Ur66jfwz6tAMP72cLRDG7l0u,Kundalini eng.pdf,Kundalini,pdf,English (assumed),10/24/22
1xOpHfhCttnjzBhFc7BYyniAbmYVDirHT,"कुंडलिनी जागरण एक अद्भुत यात्रा (Hindi Edition) (Sharma, Rahul [Sharma, Rahul]) (Z-Library).pdf",Kundalini,pdf,Devanagari,6/22/24
10EtNgxnzCMaxOKCisfsj7X2fszJyJuOh,D48AE4C9-6BBA-409E-BBF1-535B6DC6C971.jpeg,Mahabharat (English),image,English (assumed),11/17/22
120cPX68aVMTJ3Ac1JtMRRaADbggGrepI,Mahabharata-VOL-1.pdf,Mahabharat (English),pdf,English (assumed),8/7/21
11uxRKQrZmYUqF_n0UgyvVYSKf7TVUpeC,Mahabharata-VOL-10.pdf,Mahabharat (English),pdf,English (assumed),8/7/21
11za7HKOzgao67gbqIana1Fyo_1Cik92f,Mahabharata-VOL-11.pdf,Mahabharat (English),pdf,English (assumed),8/7/21
11cAE3rG676deiottqht0yAOizdKR_jOs,Mahabharata-VOL-2.pdf,Mahabharat (English),pdf,English (assumed),8/7/21
11oQSCALQxugQSPvobvufF7ZPEaN4xqvG,Mahabharata-VOL-3.pdf,Mahabharat (English),pdf,English (assumed),8/7/21
11iXu3GZnaAwdu-BoOXIshwj44Ti0yhz-,Mahabharata-VOL-4.pdf,Mahabharat (English),pdf,English (assumed),8/7/21
12EDgeZNjCwwt3B6sCpv7hfUPWBNM9tCI,Mahabharata-VOL-5.pdf,Mahabharat (English),pdf,English (assumed),8/7/21
12CX4C99QRX0t4bPGpZ53FDM_Gp9XNHbo,Mahabharata-VOL-6.pdf,Mahabharat (English),pdf,English (assumed),8/7/21
123Uovx85eneEsPRIjXnZyzIDKtMgcGQL,Mahabharata-VOL-7.pdf,Mahabharat (English),pdf,English (assumed),8/7/21
121_paSivTygMZe5eLhX5RiU_T7XciiA2,Mahabharata-VOL-8.pdf,Mahabharat (English),pdf,English (assumed),8/7/21
122O3sDsviUiTn9I-3FCywEL4TvrYbM4N,Mahabharata-VOL-9.pdf,Mahabharat (English),pdf,English (assumed),8/7/21
123lGkeYTujqfPFQo4m55qc3vdpZiXMLt,Mahabharata-VOL-I2.pdf,Mahabharat (English),pdf,English (assumed),8/7/21
1dKpQ44gMTuoQYcXsz-fuNEz843Mc7NVr,D48AE4C9-6BBA-409E-BBF1-535B6DC6C971.jpeg,Mahabharat (hindi),image,English (assumed),11/17/22
1Yex1j_xJPJfMcRko2pasiGm584Aay2UG,महाभारत (Vol-1 to 12) गोरखपुर प्रेस.pdf,Mahabharat (hindi),pdf,Devanagari,12/18/24
1sGoZuY4G1gPsViW_kZHss1t635JIXq2g,DeviMahatmyam_sanskrit_text_with_malayalam_translation.pdf,Malayalam,pdf,Hindi/Sanskrit,12/17/23
16tGQnMm4hhC1ameDoinyQbmEc1QSCfEU,Dwadasa_Jyotirlinga_Stotram_Malayalam.pdf,Malayalam,pdf,Other Indic,12/17/23
1mtrW0Emr0IBrrQkkzDaIK1lZ1YWd8SIr,Sivanandalahari.pdf,Malayalam,pdf,English (assumed),12/17/23
1dZCxGGsWo75ZvJuHWPiXNV0OQypMjCeJ,SriVishnuSahasranamaStotramNamavali-MalayalamA5.pdf,Malayalam,pdf,Other Indic,12/17/23
1oE0ZmzgxmF1Y790HXWCrjd9r_Okk6XTx,SrikrishnaSahasranamam-Malayalam-FromSatwataSamhita.pdf,Malayalam,pdf,Other Indic,12/17/23
1wIIgx_CdJvaXO9mAsePlKRPpG9eSlWKA,Mayamatam.zip,Mayamatam,zip,English (assumed),8/29/23
1qnWXrYACBkgjcRPu-aKmy444Om4mesds,D48AE4C9-6BBA-409E-BBF1-535B6DC6C971.jpeg,Narayan kavach (hindi),image,English (assumed),11/17/22
1TGIwX-zgAzpEuVIgM4v1jpMQWl6D66zC,narayan-kwach.pdf,Narayan kavach (hindi),pdf,English (assumed),7/17/21
19OBJ702_8iMwWjOfNJBvDAfnP37UQtDb,"Narayaneeyam Bhagavata Condensed Of Meppathur Narayana Bhattatiri Traslated By Swami Tapasyananda - Sri Ramakrishna Math, Madras.pdf",Narayanneeyam (eng),pdf,English (assumed),9/8/24
1o237N97SNhlZeDCZLIUAbZ-CJwmGViUd,nity-karm-puja-prakash.pdf,Nitya karm puja,pdf,English (assumed),3/31/23
1oK_I7-YjauKlRM8FUbYskBKkqlHgmaIi,jagannatha-astakam_odi.pdf,Odia books,pdf,English (assumed),11/11/23
1UfueWkDiEyhzr_Ft9NfKxgxID4o-b8R6,raghav-yadviyam.pdf,Odia books,pdf,English (assumed),11/11/23
1t6mBqrcAh9qKaK-Mac4d9t2YKkK1beHz,Paka Darpana of Nala Madhuri Hindi Commentary Indra Deva Tripathi Ed. Vamcharya Bhattacharya Chowkambha............pdf,Paka darpanam,pdf,Hindi/Sanskrit,5/22/25
1ProPS5HvSg38D5ocmWrBMWBED79YZgch,D48AE4C9-6BBA-409E-BBF1-535B6DC6C971.jpeg,Panini,image,English (assumed),11/17/22
1z-p6rk8jmcZyY8fgN6liko4On36EvA5_,panini_Ashtadhyayi_Book8.pdf,Panini,pdf,English (assumed),8/3/21
1zU58RVsjYAZZGz1ZyLZsyWS5dwutp7PZ,panini_Ashtadhyayi_book1.pdf,Panini,pdf,English (assumed),8/3/21
1zFhi5-o_-EVB1yEz9_ZOLCuV5wn2VjHX,panini_Ashtadhyayi_book2.pdf,Panini,pdf,English (assumed),8/3/21
1zCIadWZ1HMXQSEAqBIJ7ZgZdBKoblDH5,panini_Ashtadhyayi_book3.pdf,Panini,pdf,English (assumed),8/3/21
1z2KqCQDAB7KnEwCFyBr-8nCckUiIF4Ft,panini_Ashtadhyayi_book4.pdf,Panini,pdf,English (assumed),8/3/21
1zAXZLY8UkqroXxc8_36WmNRgUthsa0Ma,panini_Ashtadhyayi_book5.pdf,Panini,pdf,English (assumed),8/3/21
1yx2jOZ-pAPyEH5URYERcoOKbIA2KPm7y,panini_Ashtadhyayi_book6.pdf,Panini,pdf,English (assumed),8/3/21
1z-5eFF7RIbd6sWUjzKt9fjJSymZtxNTQ,panini_Ashtadhyayi_book7.pdf,Panini,pdf,English (assumed),8/3/21
1yy5Im5VbrDgPhksDQvCS8AarmxPhZEGu,panini_Kosha_Dictionary of the Sanskrit.pdf,Panini,pdf,Hindi/Sanskrit,8/3/21
1yR5PTU_8zkhBKbp47otrEX8lMSMW_p9H,panini_Mahabhashya_I.pdf,Panini,pdf,English (assumed),8/3/21
1yLbARccgAPxA-RaZkrp8_dAMwk-0jUU2,panini_Mahabhashya_II.pdf,Panini,pdf,English (assumed),8/3/21
1yum5s03iOXZ-zhbLPuVZeYVl-CDZ5u2j,panini_Mahabhashya_III.pdf,Panini,pdf,English (assumed),8/3/21
1yh4VYTzEcnbjujxqf1wFwl86TDttigvr,panini_Mahabhashya_IV.pdf,Panini,pdf,English (assumed),8/3/21
1yf4wWRr5QPjw_dqymU1YgSeiDDk-pLt8,panini_Mahabhashya_V.pdf,Panini,pdf,English (assumed),8/3/21
1ybOv2gLaNnL1MNgBqqL1ii5GGRQsMLCz,panini_Mahabhashya_VI.pdf,Panini,pdf,English (assumed),8/3/21
1ycjJu8cwPzn3D_tICnoE7GeagbcSU735,panini_TheDhatupathaOfPanini.pdf,Panini,pdf,English (assumed),8/3/21
1yYYQob89HGDj7ABZexjoYqrI9Zsz5i4w,panini_kashika.pdf,Panini,pdf,English (assumed),8/3/21
17O4uSSNR0dgMHF8dre_i6kDoHVyQs24Y,1hFBrGP2e8hyd1wmah5YaWfVE6wQZWevL_210828_120700.pdf,Puran (hindi),pdf,English (assumed),8/28/21
17QveSaDRF8FlUj2uIgGSXXbsMYvba1md,5_6334447321257870315.pdf,Puran (hindi),pdf,English (assumed),8/28/21
1nA4hLNid_hDiXf9RzhTbxtC4Z4mxIqLp,Agni_Puran_of_Maharshi_Vyas_Mansukh_Ray_Mor_Guru_Mandal_Granth_Mala.pdf,Puran (hindi),pdf,English (assumed),5/29/23
1vW5BFyCaNYbRTBtahF3-vvy_Z6CXHsJo,D48AE4C9-6BBA-409E-BBF1-535B6DC6C971.jpeg,Puran (hindi),image,English (assumed),11/17/22
1W_lwO8t3NZipdMExUAUImMH3JbfnJv0w,Devi Bhagvat Puran.pdf,Puran (hindi),pdf,English (assumed),3/29/23
1mNdrXs5tSb5TUQxMpZZb1MJNFBEwu_Ob,Kalika-Puran.pdf,Puran (hindi),pdf,English (assumed),10/26/22
1QpVWCfzvq_X67uVn8gakUa9I8Pt1wfb9,agni-puran (2).pdf,Puran (hindi),pdf,English (assumed),7/17/21
1ROjQPYnDSAGcBYV9lrh9I48X5Kd5aOpu,bavishya-puran (1).pdf,Puran (hindi),pdf,English (assumed),7/17/21
1RQvqdgR22hmPuX4NEN62ZFnXQZVq4kAA,bhagwat-puran (1).pdf,Puran (hindi),pdf,English (assumed),7/17/21
1REyYYAVYTqbEEelHKR5cK_0YMxnUK_6k,brahamand (1).pdf,Puran (hindi),pdf,English (assumed),7/17/21
1RA-_dMAfmCk_F2zgy5TImPgI5YBgnXia,brahamandp (1).pdf,Puran (hindi),pdf,English (assumed),7/17/21
1RJ5XcrBHPjGfTx97JBnerkFukGEWQ3NB,bramha (1).pdf,Puran (hindi),pdf,English (assumed),7/17/21
1R9z8HeDjr-f2oe3XWfm_gQEpNm5mBxI4,garuda1 (1).pdf,Puran (hindi),pdf,English (assumed),7/17/21
1TSNbEwYudMK7-1tc5PKSPAV-D0EHq8E8,kalkipuranhindi1.pdf,Puran (hindi),pdf,Hindi/Sanskrit,7/17/21
1R8gQuYmF_9vhwbZxobSf-rLcYcaf55XS,kurma (1).pdf,Puran (hindi),pdf,English (assumed),7/17/21
1R3-GDCfBl9O6oV8MFRSSlY-9eaqiJGbL,ling (1).pdf,Puran (hindi),pdf,English (assumed),7/17/21
1R-bY98aIYUFjDNRU0GkfGdkzpEFDi_1n,markende-puran (1).pdf,Puran (hindi),pdf,English (assumed),7/17/21
1QxVB6MUp-1Pi-Tvw9MSUKfeHBv0S7PnQ,matsya-puran-1 (1).pdf,Puran (hindi),pdf,English (assumed),7/17/21
1Qvkw1TNxqErMmRaDod3cFrOtdXpUPP8V,matsya-puran-2 (1).pdf,Puran (hindi),pdf,English (assumed),7/17/21
1QsoPiiU3cC65YkiUGTy3zx1JPk59jxkj,nard-puran (1).pdf,Puran (hindi),pdf,English (assumed),7/17/21
1QkqPMy4i3mY8gcoHEhqzdLwyF_GviUBB,padam-puran (1).pdf,Puran (hindi),pdf,English (assumed),7/17/21
1RThPIVqzduiHIwul-3swMG-qqShC2Nsj,sakand-puran.pdf,Puran (hindi),pdf,English (assumed),7/17/21
1Qe6IVtZasnTxJATtBTSzQ0Z32wdZQiRU,vaivtpuran (1).pdf,Puran (hindi),pdf,English (assumed),7/17/21
1QbR9Hzy6LGWSJy0jHHGQluTaq3TFuW7M,vamanpuran (1).pdf,Puran (hindi),pdf,English (assumed),7/17/21
1Qq3fAAMzbK7fBxoqkCeUKE8-Wlhf4rhk,varaha-puran (1).pdf,Puran (hindi),pdf,English (assumed),7/17/21
1TM9AiVehzwMdfM6hwFtLoQygETcZYnGr,vayu-puran.pdf,Puran (hindi),pdf,English (assumed),7/17/21
1QVuicT1-otvREXfR11RdV-G2aYxdGHQ_,vishnu-puran (1).pdf,Puran (hindi),pdf,English (assumed),7/17/21
1m9b7-HaCjh4me7agQ1mfV15E3frvQAP1,अग्नि पुराण.pdf,Puran (hindi),pdf,Devanagari,7/26/21
1mDtnKN5v8luKcW79MCYw6QWCOvIFGkXU,ऋग्वेद.pdf,Puran (hindi),pdf,Devanagari,7/26/21
1m_Bfb7Z2cwYVlQBVhhTADPWul24aFLlW,कल्की पुराण.pdf,Puran (hindi),pdf,Devanagari,7/26/21
1mKmMYkRFP4ziJT-Lr2ljJ1zhaPR0HYnO,कूर्म पुराण.pdf,Puran (hindi),pdf,Devanagari,7/26/21
1mMbvDI-4mkdCKy66GgcDaBy4UWmVPu2i,गरुड पुराण.pdf,Puran (hindi),pdf,Devanagari,7/26/21
1mNoEQ_gOnSfQ_UVra2b0CORwUMd_nk_E,नरसिंह पुराण.pdf,Puran (hindi),pdf,Devanagari,7/26/21
1m3TfjJiDdLlN93hMEx7OgKoZ2N8ELB-o,नारद पुराण.pdf,Puran (hindi),pdf,Devanagari,7/26/21
1lyLpru0Lf7R75eDrM82XP-05HhI5SU8P,ब्रम्हा पुराण.pdf,Puran (hindi),pdf,Devanagari,7/26/21
1lsfIIe9btlrR3NpYkaY-TT0c1F6DQjHW,ब्रह्म वैवर्त पुराण.pdf,Puran (hindi),pdf,Devanagari,7/26/21
1m8UNsXuLEbjNf9EQAhSsbiah4IZg-K6t,भविष्य पुराण.pdf,Puran (hindi),pdf,Devanagari,7/26/21
1liGttV1RaNchOY9s3AFGpGpXoTRjSbEu,मत्स्य पुराण 1.pdf,Puran (hindi),pdf,Devanagari,7/26/21
1lrdU1XKObK7m-lJB-Cb7Qxqh5Ucf-E7y,मत्स्य पुराण 2.pdf,Puran (hindi),pdf,Devanagari,7/26/21
1lXLGD1mNMmIKLQP4FGvpHvbqHJp1agrj,वराह पुराण.pdf,Puran (hindi),pdf,Devanagari,7/26/21
1lnT-gFXscgkcliZ6ulAdeXZhTIw5nQQ3,वामन पुराण.pdf,Puran (hindi),pdf,Devanagari,7/26/21
1lX9jzlBWHqopV1h0XY926cTr0zQyptDR,विष्णु पुराण.pdf,Puran (hindi),pdf,Devanagari,7/26/21
1lgeqyXnnDg4gglC6Z7P5KpSarMoLF9I9,शिव पुराण (2).pdf,Puran (hindi),pdf,Devanagari,7/26/21
1lWvW7PCmvpoM7jPplczP21CqlvyuVkj1,शिव पुराण.pdf,Puran (hindi),pdf,Devanagari,7/26/21
1lQxdEo3s9FJBJmfsLF4TRSC-IboCNIki,श्री गणेश पुराण.pdf,Puran (hindi),pdf,Devanagari,7/26/21
1ewLc3FAZHn1TJj2qQPd0GtGzqCzb9Xkn,श्री_मद्भागवत_महापुराण_द्वितीय_खण्ड.pdf,Puran (hindi),pdf,Devanagari,7/22/21
1ezZOHUGB5tXPyLipYaADSBvpgI45pvGt,श्री_मद्भागवत_महापुराण_प्रथम_खण्ड.pdf,Puran (hindi),pdf,Devanagari,7/22/21
1lM1_Ie8Goo-lYXT8nW14QYmQLW59mezv,स्कन्द पुराण.pdf,Puran (hindi),pdf,Devanagari,7/26/21
1VYT36i3YsE8a8aonqbyL07KfmIAM3Ypy,3-4-saama-vedamu.pdf,Puran (telugu),pdf,Hindi/Sanskrit,7/19/21
1L8_4OM-EgdnP0RuOddJDtX2LB1san9_x,D48AE4C9-6BBA-409E-BBF1-535B6DC6C971.jpeg,Puran (telugu),image,English (assumed),11/17/22
1VUOxyoRqmUN6kgiveiqt-mXuUCpAePuB,Linga-Puranam.pdf,Puran (telugu),pdf,Hindi/Sanskrit,7/19/21
1PYl84jr-y3nP5HKg1P8DCWgLrCjuE07J,MarkandeyaPuranamu.pdf,Puran (telugu),pdf,Hindi/Sanskrit,10/17/22
1V2jY9Qahm-AbaxIyaj5aHXeMMKtO9sfc,PU010-BrahmaPuranamu-1To3.pdf,Puran (telugu),pdf,Hindi/Sanskrit,7/19/21
1VWKJDK9etHLrYkhVdDKXc1ZS1qXZKzPm,Padma-Puranam.pdf,Puran (telugu),pdf,Hindi/Sanskrit,7/19/21
1VHzzgpuWeZ7AC8qbhTeeOA1_plgltC7S,Scanda-Puranam-Telugu.pdf,Puran (telugu),pdf,Hindi/Sanskrit,7/19/21
1VPXkMIfBr6gzBFx3oRo7wbHk1shyf4BW,VaisakhaPuranam-1.pdf,Puran (telugu),pdf,Hindi/Sanskrit,7/19/21
1VTMdrEpy6_iI7T6SjeYhAq7x9pYCuhuL,agni-puranam (1).pdf,Puran (telugu),pdf,Hindi/Sanskrit,7/19/21
1VCaLj_YgdWpb49xszEI-8BnMqXtgJjMF,basava-puranam-telugu.pdf,Puran (telugu),pdf,Hindi/Sanskrit,7/19/21
1V-d9eStExLN-sEWYUDaJYN6lyOio_0N5,bhavishyapuranam-telugu.pdf,Puran (telugu),pdf,Hindi/Sanskrit,7/19/21
1VVBT0VxTEoeX0PIlluQSdEnWPZil0Ri4,karthikapuranam.pdf,Puran (telugu),pdf,Hindi/Sanskrit,7/19/21
1U8v-uGxMAVPRcbRBfjn9ILoD8AU3fvvD,18-maha-puranas-in-english.pdf,Purans (english),pdf,English,7/17/21
1fFnpTs4cLlzuzVFlkultuLRvQhfheav8,ALL Puran English.pdf,Purans (english),pdf,English,7/22/21
1tZSnRyAk11NbCdZewuRcOojol88EUImw,Agni Puran 2.pdf,Purans (english),pdf,English (assumed),8/1/21
1tDPMTtt5dQSkgfJq8ki370m7cWi6tQ1J,Agni puran 3.pdf,Purans (english),pdf,English (assumed),8/1/21
1t1X8xdmE0kWtVQ5ho5f0uUsAwT4hiunt,Brahm Vaivart Puran 1.pdf,Purans (english),pdf,English (assumed),8/1/21
1xHfKhd-XyY8LtWQJRMJCjE1CI4xHHdI3,Brahm Vaivart Puran 2.pdf,Purans (english),pdf,English (assumed),8/1/21
1wAgDsPMr9gPL8hrqqNi90vHpuZARw82R,Brahm Vaivart Puran 3.pdf,Purans (english),pdf,English (assumed),8/1/21
1weofLkOMUrY6hkrNnxbuhmLS3klUZuf4,Brahmand Puran 1.pdf,Purans (english),pdf,English (assumed),8/1/21
1w_i9X_Zc9NkcgYW-FIIv3twBDbjyXOk3,Brahmand Puran 2.pdf,Purans (english),pdf,English (assumed),8/1/21
1tbJmko0L8pL1aERxrqg1kfHdvZOGWPCW,Brahmand Puran 3.pdf,Purans (english),pdf,English (assumed),8/1/21
1tbjgPdT-qtu86wvUvsbpcD_H-SsvEkC3,Brahmand Puran 4.pdf,Purans (english),pdf,English (assumed),8/1/21
1tbn-MSBvH8_3AXhng5tiKI2r77vQHaH7,Brahmand Puran 5.pdf,Purans (english),pdf,English (assumed),8/1/21
153oU7bYbsKEt5Dp3sjOV9TG1Yt-A3p5r,D48AE4C9-6BBA-409E-BBF1-535B6DC6C971.jpeg,Purans (english),image,English (assumed),11/17/22
1wbMRx2l2Z5b8-Odsc5yw92VLt4e6SvuO,Garud Puran complete.pdf,Purans (english),pdf,English (assumed),8/1/21
1wdEC76vAYmk_E1dVBgJ0yThEbDeQov-O,Kalika Puran.pdf,Purans (english),pdf,English (assumed),8/1/21
1OjBfjvdCtmZ5qbPXnAGotYpY7uKB5FDd,Kalki-Purana-english.pdf,Purans (english),pdf,English,Jan 27
1wnYApRPOXsVRuJdSEWpHYADZ6OhxX-jL,Kurm Puran.pdf,Purans (english),pdf,English (assumed),8/1/21
1wrljP6I0DEVYGklSwLuBUAERWPv-Rm44,Ling Puran 1.pdf,Purans (english),pdf,English (assumed),8/1/21
1wMtv9u19KOM-FnGmS2LzJneKg0mTsBS8,Ling Puran 2.pdf,Purans (english),pdf,English (assumed),8/1/21
1x2MYcOthPH_61Czad6bYvipe6RD4UBu2,Ling Puran Sans Eng 1.pdf,Purans (english),pdf,English (assumed),8/1/21
1wi_dcAufwI3zP4Us03L7F6fCBMLCI4DN,Ling Puran Sans Eng 2.pdf,Purans (english),pdf,English (assumed),8/1/21
1tcRY5vl1Xxa6HJGM_k7LOBS7d7LBaAwG,Markandey Puran.pdf,Purans (english),pdf,English (assumed),8/1/21
1wim8TOOJagcgBjlLM0Se_dnlSOl5UQAy,Matasya Puran 1.pdf,Purans (english),pdf,English (assumed),8/1/21
1u0co4n4y31nHtSbSf4quq5qmt-_wHOxu,Matasya Puran 2.pdf,Purans (english),pdf,English (assumed),8/1/21
1twCy3aY23aj8yXeeC6AXMhSHtJTCzvwz,Narad Panchatatra 1.pdf,Purans (english),pdf,English (assumed),8/1/21
1tw_K3yw9OJQy5Fn0p3Y7HRk1VgrsLg58,Narad Panchatatra 2.pdf,Purans (english),pdf,English (assumed),8/1/21
1uBiW9Har1zVOe6oOdP3r6g_G9YfXGFWu,Narad Puran 3.pdf,Purans (english),pdf,English (assumed),8/1/21
1txMcVTzcyuCAfkZ4UOlsrG-fMhNEafo9,Narad Puran 4.pdf,Purans (english),pdf,English (assumed),8/1/21
1tx1EVFctL0GtrhIztky81V1_sT2hG1rk,Narsimha Puran.pdf,Purans (english),pdf,English (assumed),8/1/21
1u-sRAhZFpNivlG92GE_0-LlEAtlUyXLI,Padma Puran 3.pdf,Purans (english),pdf,English (assumed),8/1/21
1x8xskpO_MjZdVVuO9idxGDP2GFc1B-ry,Padma Puran 7.pdf,Purans (english),pdf,English (assumed),8/1/21
1xEoUWQf2K_46XwJ_nHxUoYfGM13DrPRn,Padma Puran 8.pdf,Purans (english),pdf,English (assumed),8/1/21
1uHYmr7DHfmQzb1cgwjY8bW6P4NUo_Aav,Padma Puran 9.pdf,Purans (english),pdf,English (assumed),8/1/21
1v12H94Zt34k8LEkxuRjuDuLkTJwNZhwl,Shiv Puran 1.pdf,Purans (english),pdf,English (assumed),8/1/21
1vHjx8sC_3Y-kdWS_u24F872C2BOrfbfE,Shiv Puran 2.pdf,Purans (english),pdf,English (assumed),8/1/21
1uPjQ6YmMzxOmK9scDXQaSCjY-xu3LoXg,Shiv Puran 3.pdf,Purans (english),pdf,English (assumed),8/1/21
1uSJeqdJvYFZEBHQfuanvV1wAt-DHCwFA,Shiv Puran 4.pdf,Purans (english),pdf,English (assumed),8/1/21
1uRbzgLKnKWmeiMpDm4aFt298dB8w6hYB,Skand puran 1.pdf,Purans (english),pdf,English (assumed),8/1/21
1xEfPRMAIm2k2PUJabJkLXtXKOna6esvw,Skand puran 11.pdf,Purans (english),pdf,English (assumed),8/1/21
1v7G1wexPwztCxnS8Zam03TyVk5KEbjZ5,Skand puran 12.pdf,Purans (english),pdf,English (assumed),8/1/21
1vAJhAIeGesP2taUx1pu77tQl4fab37Oj,Skand puran 13.pdf,Purans (english),pdf,English (assumed),8/1/21
1vHwM46PSlL3AFmvap-Ur8RDL_e1ig7cI,Skand puran 14.pdf,Purans (english),pdf,English (assumed),8/1/21
1vDe1I5Fm-tZnENHGgjn4ZaLHuuwPveJ9,Skand puran 15.pdf,Purans (english),pdf,English (assumed),8/1/21
1xGYeU5ymlP2beeXb4fclfIsEGkGGF3p0,Skand puran 18.pdf,Purans (english),pdf,English (assumed),8/1/21
1uddGgHz_VNhW_Zd_mVwni3t2hn0P0TRs,Skand puran 2.pdf,Purans (english),pdf,English (assumed),8/1/21
1vSjhWbrZUeSp5p-mt8GqCOXyBEvAkm6Q,Skand puran 20.pdf,Purans (english),pdf,English (assumed),8/1/21
1vMDFS5wByrLqgYkSrjH7_IhyK-jpL4T-,Skand puran 21.pdf,Purans (english),pdf,English (assumed),8/1/21
1vOriu_6lArJHi1RU0nv1eZj1tQ3qvTf1,Skand puran 22.pdf,Purans (english),pdf,English (assumed),8/1/21
1uPmF0zi9q-peg1mdJPc_HE0bv2cTIMxj,Skand puran 3.pdf,Purans (english),pdf,English (assumed),8/1/21
1ud3duLjTzrarfObxhZY7m7B_cX6nybsF,Skand puran 4.pdf,Purans (english),pdf,English (assumed),8/1/21
1ulImi9iBYNiluXsNCsf7DLzYN6tkySkl,Skand puran 5.pdf,Purans (english),pdf,English (assumed),8/1/21
1uvq9H4HnoWHp6aSibbxyvO1-MahFyhMH,Skand puran 6.pdf,Purans (english),pdf,English (assumed),8/1/21
1ui7erQyNkQMylYX8nDscXJcvIFtagJuT,Skand puran 7.pdf,Purans (english),pdf,English (assumed),8/1/21
1v8Axa7OP_QdNTlIqkyB0TmvWa2rV63Tx,Skand puran 8.pdf,Purans (english),pdf,English (assumed),8/1/21
1vCKviZz0wgVC8SEr4j063JnkE0OXEywX,Skand puran 9.pdf,Purans (english),pdf,English (assumed),8/1/21
1vtlUzdpDPPlwK6I68m9OAqSRBCHzEq4K,Vaman Puran.pdf,Purans (english),pdf,English (assumed),8/1/21
1vXiXVBrEW0KMhagKD--tNca6KcPAVczK,Varah puran 1.pdf,Purans (english),pdf,English (assumed),8/1/21
1vUJLlDtpObi6PuyheGf3gY9OQsB1-MdZ,Varah puran 2.pdf,Purans (english),pdf,English (assumed),8/1/21
1wE__ocm-keiGnJG4a99mQWePXUVRgdEc,Vayu Puran 1.pdf,Purans (english),pdf,English (assumed),8/1/21
1wDQ__rTChVaJxlSE_Dcz1bncLDYBxQSh,Vayu Puran 2.pdf,Purans (english),pdf,English (assumed),8/1/21
1vbATn55qe_5ckGw7hz_eSOo-lQN5zK-d,Vishnu Dharmotra Puran.pdf,Purans (english),pdf,English (assumed),8/1/21
1vxgQleTnqA3g2u3o5tIkcKrS4H9QA4mX,Vishnu Puran Eng sans.pdf,Purans (english),pdf,English (assumed),8/1/21
1w5Dv3ypDypBQNn2ObIGQv8YUF7scJeQW,Yog Puran.pdf,Purans (english),pdf,English (assumed),8/1/21
1tRQghxxZq7gmbl2LBcCFdjWAlWS7lcia,agni Puran 4.pdf,Purans (english),pdf,English (assumed),8/1/21
1xEUhaab-U2Eaw3Nr6OojgM9qw8s1zpeH,vayu puran banaras.pdf,Purans (english),pdf,English (assumed),8/1/21
1wFuYUGlIC_tt0y7Ov2kO3p_OkY8j8TQZ,vayu puran by ramprashad.pdf,Purans (english),pdf,English (assumed),8/1/21
1xaVQdXhLNmF8Hdl2uhM1166zMdgJuYru,Ragachikitsa.pdf,Raag chikitsa English book,pdf,English (assumed),5/24/25
12BCdLwCIEUcNraXSecbcIybG120vEhg1,08. Dr. Mohini Mehrotra.pdf,Raag chikitsa hindi book,pdf,English (assumed),5/24/25
1RK1AG-3ZSFCKBO0WMY3mhYkzN7INJlNu,"60. Rashmi Yadav, Gwaliar (M.P.) .pdf",Raag chikitsa hindi book,pdf,English (assumed),5/24/25
1y4YX1_4JXIgRcwalDIubeFn6VdcqwF92,A Read it before listening .jpg,Raag mp3,image,English (assumed),5/23/25
1ZXMJqb0gaQfQsbEJoWGvtk-tR0GSDlmQ,Bhairav.mp3,Raag mp3,unknown,English (assumed),5/23/25
1CWZB5HxD2cgtjuUrYX_HYFUTRmxizeqP,Bhairavi.mp3,Raag mp3,unknown,English (assumed),5/23/25
10QjDaenUcPmp-bAo11dHE2OgtuX7G0PV,Bhoop.mp3,Raag mp3,unknown,English (assumed),5/23/25
1SxKXB77nKX0Ni3IDpuW1NFp2XhXcPZso,DARBARI.mp3,Raag mp3,unknown,English (assumed),5/23/25
19RiF4KmVxxzoUBi6l1Dgr1tgnXka8Bmo,Darbari.mp3,Raag mp3,unknown,English (assumed),5/23/25
1ynHmxi2Gk1k1mO33RLRQGbDElA7S5OCL,Jaijaiwanti.mp3,Raag mp3,unknown,English (assumed),5/23/25
1XfleRivWaR98w7d6zvUBQcddniz0Bbvj,Khamaj.mp3,Raag mp3,unknown,English (assumed),5/23/25
10B__fkuOpt3YTcw3a7wFksg2urjpOflK,Lalit.mp3,Raag mp3,unknown,English (assumed),5/23/25
1Xrmc_Helqe3DZAjyzcOrwLcFx4DLRv-y,Madhuwanti.mp3,Raag mp3,unknown,English (assumed),5/23/25
1ocIZxa2jSNU5U_QRdT16rmfUUL27QKhV,Malkauns.mp3,Raag mp3,unknown,English (assumed),5/23/25
1c20jPldZ1hIx6fzOESQjf3n8eyrPusOH,Pilu.mp3,Raag mp3,unknown,English (assumed),5/23/25
1Q_Bn9SIJj-eac20oV8qHB63d6z46ukzL,Shivaranjani.mp3,Raag mp3,unknown,English (assumed),5/23/25
1OeI-1yyfGKeAzxJDxURZ9X_Kdx1HQQNb,231_Ramraksha_Stotram_Web.pdf,Ram raksha strotam,pdf,English (assumed),8/17/24
1XqGtLllauGFSR2O2jN-lYw4OZMd4tKK1,.-ramraksha-stotra-125 2.pdf,Ram raksha strotra,pdf,English (assumed),8/5/23
1ycKSmROd_ca8biH0D_N2Yx-3qjiC12ok,Ram%20Raksha%20Stotra%20pdf.pdf.pdf,Ram raksha strotra,pdf,English (assumed),8/5/23
1zLyoW_7_1Xue2Wtl7PPTwbo7ihVgppHa,राम-रक्षा-स्तोत्र-PDF.pdf,Ram raksha strotra,pdf,Devanagari,8/5/23
1T6E_V8iw0wODQRlx7_t6YrwXShjMj4a-,1318_sri-ramchritmanas_roman.pdf,Ramayan (English),pdf,English (assumed),7/17/21
1GEtTc2w6ppYNczd9TGpUOhPENWHwQPX4,D48AE4C9-6BBA-409E-BBF1-535B6DC6C971.jpeg,Ramayan (English),image,English (assumed),11/17/22
1480j_b6s4Tb5cJYETDum6ZzBL37jMddG,D48AE4C9-6BBA-409E-BBF1-535B6DC6C971.jpeg,Ramayan (hindi),image,English (assumed),11/17/22
1p0vcEf6K1WDusppaLk98hPUuyJ2aWjxb,Shrimad Valmiki Ramayana (Hindi Edition) - Valmiki.pdf,Ramayan (hindi),pdf,Hindi/Sanskrit,6/27/24
1muqDowk0quElIuDx03yJ5bNeI1Wir7st,D48AE4C9-6BBA-409E-BBF1-535B6DC6C971.jpeg,Ramayan (tamil),image,English (assumed),11/17/22
1T2SF3ZRE6vKxcnmpqHK9rEcCgbjVQ6jW,tamil-ramayanam-326-page.pdf,Ramayan (tamil),pdf,Other Indic,7/17/21
1gzkP2l9pCjden_heapUM1ksvinDhyDSQ,101-Valmiki-Ramayan-Telugu.pdf,Ramayan (telugu),pdf,Other Indic,7/22/21
1gtzfnhYYJZ3Zpkdy5IjyFLB2MzpgkVKP,102-Valmiki-Ramayan-Telugu.pdf,Ramayan (telugu),pdf,Other Indic,7/22/21
1h63MbF2a4wrE0FCPTFFDFnrQte_xut3U,103-Valmiki-Ramayan-Telugu.pdf,Ramayan (telugu),pdf,Other Indic,7/22/21
1h6hRWnuvuvlp-z_qNCiqRRq4WYj69K-f,104-Valmiki-Ramayan-Telugu.pdf,Ramayan (telugu),pdf,Other Indic,7/22/21
1gxS14i5pfAGdRQy1Xcay1EGlgJnaq4GX,105-Valmiki-Ramayan-Telugu.pdf,Ramayan (telugu),pdf,Other Indic,7/22/21
1gh9azJ2ceOJlf3dOyUjRHaAaAifNCbEL,106-Valmiki-Ramayan-Telugu.pdf,Ramayan (telugu),pdf,Other Indic,7/22/21
1geZN9MxyWsmXH4KFzEieGNiVhPLX3OPK,107-Valmiki-Ramayan-Telugu.pdf,Ramayan (telugu),pdf,Other Indic,7/22/21
1gbbR1lMkvnVNSMtfxVTz33lBrwZ9gjzn,201-Valmiki-Ramayan-Telugu.pdf,Ramayan (telugu),pdf,Other Indic,7/22/21
1geATfItZC5z5lDz2ZWye0El_C6UdrrmD,202-Valmiki-Ramayan-Telugu.pdf,Ramayan (telugu),pdf,Other Indic,7/22/21
1gsITqg8I0-3TWtBhtC6c1rsNPcn89Dj5,203-Valmiki-Ramayan-Telugu.pdf,Ramayan (telugu),pdf,Other Indic,7/22/21
17mGL-anG_tbUQhy7bfE32wqe0glUv8IT,D48AE4C9-6BBA-409E-BBF1-535B6DC6C971.jpeg,Ramayan (telugu),image,English (assumed),11/17/22
12MbPnsvfugD1HGEZaG8Zu2J52rJN7oo8,manas1_i.pdf,Ramcharitra manas,pdf,English (assumed),3/29/23
1z_9ElbSmJjqj0ttgDblpRiT75BmtvYwX,manas1_i.pdf,Ramcharitra manas,pdf,English (assumed),3/29/23
1wP8FXM64RAGILRigL8OfPZberubbmpZE,श्रीरामचरितमानस-Ramcharitmanas 2.pdf,Ramcharitramans hindi,pdf,Devanagari,4/24/25
1Fuk8B6Hz_NRTHETsKG3-MLVIVn52TeMg,D48AE4C9-6BBA-409E-BBF1-535B6DC6C971.jpeg,Ravan samhita (hindi),image,English (assumed),11/17/22
1U39hnYV9mGUAzM5jeiGo9RpNcH_KtRju,ravan-samhita-1.pdf,Ravan samhita (hindi),pdf,English (assumed),7/17/21
1TtqRTdM-s8sgpSavNmZNavZkrvEMAEJQ,ravan-samhita-2.pdf,Ravan samhita (hindi),pdf,English (assumed),7/17/21
1TeP2zl8CUIvgaoexJPSga1BQIdQ3Ghm7,ravan-samhita-3.pdf,Ravan samhita (hindi),pdf,English (assumed),7/17/21
1TdfeTleEsOh3AXBeneGePg2N4V9ASglj,ravan-samhita-4.pdf,Ravan samhita (hindi),pdf,English (assumed),7/17/21
1TcBN30WTStY_4JwgOa_R3e78BCHLobOf,ravan-samhita-5.pdf,Ravan samhita (hindi),pdf,English (assumed),7/17/21
1-scLcVkKm9pOXZodnqIqfjtp89_CDmYa,D48AE4C9-6BBA-409E-BBF1-535B6DC6C971.jpeg,Sadhak sanjivni,image,English (assumed),11/17/22
1I69dQxqhyG82ThryZmbNbsjl0L5QrVk9,गीता साधक संजीवनी.pdf,Sadhak sanjivni,pdf,Devanagari,10/13/22
1jlOJMQZNAT54a5tOigx6jpIfohAXyipe,Importance_Of_Riaz_In_Indian_Classical_Music.pdf,Sangeet riyaz,pdf,English (assumed),4/5/24
1SUiFT3VtGYjJg_1v8AFfdhrA69Owjl2e,Notations_1.pdf,Sangeet riyaz,pdf,English (assumed),4/5/24
16xihl9OHH_xDzavYZMbOzG3_jZJVSoFs,2015.405980.Science-In.pdf,Science in vedas,pdf,English (assumed),1/13/25
1fk0tRcB09_lQle8DpW8DJP-8uzMqNhgR,D48AE4C9-6BBA-409E-BBF1-535B6DC6C971.jpeg,Science in vedas,image,English (assumed),11/17/22
11Qv1RI4fS4eldxEbdICOjrnl8ciZ__8g,science-in-vedas.pdf,Science in vedas,pdf,Hindi/Sanskrit,10/12/22
1XADV-5fSagvziUBfs-a7JRbucFrIMUGD,shabar-mantra-sadhna-evam-siddhi-in-hindi-pdf.pdf,Shabar mantra,pdf,Hindi/Sanskrit,6/22/24
1g2nPKASZivI3QERxpB-R4QzRuj3uxy5B,SHAKTA PRAMOD TANTRA.pdf,Shakta pramod tantra,pdf,English (assumed),3/10/24
1ZgpNe9De55ViVaeXun531xlqpOFd7Fkc,D48AE4C9-6BBA-409E-BBF1-535B6DC6C971.jpeg,Shata chakra nirupama,image,English (assumed),11/17/22
18vxHcwrN9T16uEvL3WWF9GRSwicRY2CX,Shata-Chakra-Nirupana-of-Shree-Purnananda-Yati-Goswami-Prahlad-Giri-pdf.pdf,Shata chakra nirupama,pdf,English (assumed),9/6/21
1TvLNvShj8-5PLWk8qBwrGc563d47eW4X,D48AE4C9-6BBA-409E-BBF1-535B6DC6C971.jpeg,Shiv geeta,image,English (assumed),11/17/22
1xcmjExo7fbSQwW01pBKEObt-JyIWG8Ze,SHIVA GITA (1).pdf,Shiv geeta,pdf,English (assumed),8/1/21
1oIKEGffvucu1N5CgUZk_5QYQTkMrfi6f,Shiva Svarodaya with Bhasha Tika by Pt. Mihira Chandra - Khemaraja_text 2.pdf,Shiv sarvodya (hindi),pdf,English (assumed),4/25/25
1YoXx0TnYKN5JMceLAT_1iuPhR1rxE1g7,yShiva Svarodaya Text With English Translation - Ram Kumar Rai.pdf,Shiv sarvodya English,pdf,English,4/25/25
1wPgQj-XJrIJGniTBV3lHu8ulVy-jsaMl,ShivaSutras.pdf,Shiv sutra (English),pdf,English (assumed),3/30/23
1UoaJofX65Xa3Xt2Cz7BoM2Th-dwPnout,Shiva Sutra Spanda Karika (Samvat 2031 Edition) - Daita Swami.pdf,Shiv sutra (hindi),pdf,English (assumed),3/30/23
1XC2CN6O12f2CHU6-idNY6L67QbWzNzO1,D48AE4C9-6BBA-409E-BBF1-535B6DC6C971.jpeg,Shri yogavashisht maharamayan,image,English (assumed),11/17/22
1gLp-u9fJJ_LTdZdJSnUMDsEY5PUkjgNi,Shri-Yogavasishtha-1.pdf,Shri yogavashisht maharamayan,pdf,English (assumed),7/22/21
1gNpQn_mQqmS0wsk01xj_ez18FkByJWC4,Shri-Yogavasishtha-2.pdf,Shri yogavashisht maharamayan,pdf,English (assumed),7/22/21
1gE-sW3o1Xsi-eb--yinygC-srs9QxfVJ,Shri-Yogavasishtha-3.pdf,Shri yogavashisht maharamayan,pdf,English (assumed),7/22/21
1g5M0eUMDCE0CFIaSB2oF3vHh0qS9RwpH,Shri-Yogavasishtha-4.pdf,Shri yogavashisht maharamayan,pdf,English (assumed),7/22/21
1beRHL8L2_vTXDAJrZXNE8xP1Ssz4_rgo,Shrimad bhagwat geeta.pdf,Shrimad bhagwad geeta (English),pdf,English (assumed),5/15/25
1YUm5ktXQowdrgOqxfE8gKnqK-wGuNNRc,srimadbhagvadgita-tattva-vivechani-457-gita-press-azimvth-ashram.pdf,Shrimad bhagwad geeta (English),pdf,English (assumed),5/15/25
1p7LM6XpsJ9b0veexlBaKDoJ1n8maDBN-,D48AE4C9-6BBA-409E-BBF1-535B6DC6C971.jpeg,Sundar kand,image,English (assumed),11/17/22
1fnqmHHp0HCE3oOLLOW-yF23kMy-HXLgJ,Sunderkand_Path.pdf,Sundar kand,pdf,English (assumed),7/22/21
1fox6SFL6MCft2lRWTe1ribU1SGYYLmFy,सुंदरकांड.pdf,Sundar kand,pdf,Devanagari,7/22/21
1UrVQ3uT7Lp-cb4X5wwFZgV9Ui9R4a0OM,D48AE4C9-6BBA-409E-BBF1-535B6DC6C971.jpeg,Surya suktam,image,English (assumed),11/17/22
1tKc81n-XMkdZErps8eYly1YQ4kzg9r7N,सूर्य-सूक्त-1.pdf,Surya suktam,pdf,Devanagari,10/30/22
19gsLOES0P2NMfys5JvGPLl-f6QYFP3s7,D48AE4C9-6BBA-409E-BBF1-535B6DC6C971.jpeg,Sushruta samhita english,image,English (assumed),11/17/22
1Sn8V0MWPWjn41q4ZmqFPzK4XLfzcifTL,Sushruta-Samhita.pdf,Sushruta samhita english,pdf,English (assumed),10/12/22
1atePjMyz1u75caAkX5_s2-gPmmViqSLA,2015.540437.Sushrut-Sanhita.pdf,Sushruta samhita hindi,pdf,English (assumed),10/12/22
1E0wElUpUDg5ucMnBE1xnTTdbC6UApEjV,D48AE4C9-6BBA-409E-BBF1-535B6DC6C971.jpeg,Sushruta samhita hindi,image,English (assumed),11/17/22
13Th2-Lh8OO_n4VUimQhOMw_1AQfttj6G,D48AE4C9-6BBA-409E-BBF1-535B6DC6C971.jpeg,Swar vigyan,image,English (assumed),11/17/22
17Mj33-_56Fw99mAbXf0FWU6xz-8uNXST,Jyotish Mein Svara Vigyan Ka Mahatva - Kedar Nath Joshi.pdf,Swar vigyan,pdf,English (assumed),10/10/22
1Ma5AVLVof1v6YCJ2EdAqqk7Ao-HkrrZ9,Swar vigyan.pdf,Swar vigyan,pdf,English (assumed),10/10/22
1F7YKilgA7ExnQ8GFPEBPqLZEew4FTbYh,2015.539126.Indrajal.pdf,Tantra mantra books,pdf,English (assumed),9/25/21
1FEwlrnSxCuw7MpJKKHXJUvWO0KDAy91u,2015.541564.Uddish-tantram.pdf,Tantra mantra books,pdf,English (assumed),9/25/21
1F8rE-8FwhtgTwJvExeLfm6dmUpo8pEP7,235056697-Rudrayamala-tantram-रुद-रयामल-तन-त-रम (1).pdf,Tantra mantra books,pdf,Devanagari,9/25/21
1FWSSYrJN5zLGTjN8oLVofvI52rfV5NHe,D48AE4C9-6BBA-409E-BBF1-535B6DC6C971.jpeg,Tantra mantra books,image,English (assumed),11/17/22
1F4giInxOJxX4DaemnFHXtOWG6dq8YZHK,GarbhaUpanishad.pdf,Tantra mantra books,pdf,Hindi/Sanskrit,9/25/21
1F7WBJcOncNx9f2M7gvnDKFPBDFY9ZBBS,Guru Sadhana (1).pdf,Tantra mantra books,pdf,English (assumed),9/25/21
1F0s35vTz9NlWIaRBoM5ypUcu9rgizHUt,Mantra Rahasya.pdf,Tantra mantra books,pdf,English (assumed),9/25/21
1Err9BmS2L66n8xqrCG7rK6qnKBFCgGbl,Siddha Rare Sadhanas (2).pdf,Tantra mantra books,pdf,English (assumed),9/25/21
1Emz_YznN2-NzcouccyoXHuK_FOGPQXVq,Sri Vidya Nityarchan Saparrya Paddhati - Pt. Hari Om Shukla.pdf,Tantra mantra books,pdf,English (assumed),9/25/21
1En6uJu1dsgekw21l8VPqWZa8GSLM8Pn_,Swarn Tantram.pdf,Tantra mantra books,pdf,English (assumed),9/25/21
1EYwYm_oM26c0hi3CAkJl0fh9XoPXomo4,Urvashi Sadhana.pdf,Tantra mantra books,pdf,English (assumed),9/25/21
1F7tnijWfUdG1mQ9vcGwWYksip2RbPdqZ,dlscrib.com-pdf-kriyodish-tantra-rare-book-dl_db8277b362f0ed55d2d0058c81c3e763.pdf,Tantra mantra books,pdf,English (assumed),9/25/21
1EjPOSkR0MbOfBfGVHMobdytonf0cS_9Z,vishwa-ki-alokik-sadhnaye_compress.pdf,Tantra mantra books,pdf,English (assumed),9/25/21
1EboWm4toEuGx5OFWlqpFyzsSSiiI1Uwz,लक्ष्मी_प्राप्ति_के_दुर्लभ_प्रयोग.pdf,Tantra mantra books,pdf,Devanagari,9/25/21
1ESDtOWhPpl-GA9vhfRyi-4p8z7Al0pQQ,हिमालय के योगियों की गुप्त सिद्धियां .pdf,Tantra mantra books,pdf,Devanagari,9/25/21
1Ql6Tw3poUYCwEjrGUlEKY5-rfFgrjAPO,the-secret-of-the-veda-sri-aurobindo.pdf,The secret of vedas,pdf,Hindi/Sanskrit,1/13/25
1fC3zeviS_tq2bHlsgviF4IiYLHs7Wzg9,108 Upanishad Part-1.PDF,Upnishads,pdf,Hindi/Sanskrit,7/22/21
1fFRa3HJ0kaa_R28AvyoUtlxp83QCwUw9,108 Upanishad Part-2.PDF,Upnishads,pdf,Hindi/Sanskrit,7/22/21
1f0SCoDJ1LKMpp2j5_Q6rJxSCs52D9HqF,108 Upanishad Part-3.pdf,Upnishads,pdf,Hindi/Sanskrit,7/22/21
1f1ZJqKqRuGjkMm_dbxlJff41e-N_H2py,108-upanishads-with-upanishad-brahmam-commentary.pdf,Upnishads,pdf,Hindi/Sanskrit,7/22/21
1uj3BNlw5-MvdTamF5OicZbvjce8ARqjg,D48AE4C9-6BBA-409E-BBF1-535B6DC6C971.jpeg,Upnishads,image,English (assumed),11/17/22
102IoYhn4k-nqTvTV1lzRMIajhLhxYRWZ,Katha Upanishad  - Gita Press Gorakhpur.pdf,Upnishads,pdf,Hindi/Sanskrit,8/6/21
1VB1s3Bw0Fl2egMJSNZRpCv-YKLQ-duu9,Katha Upanishad Gita Press Gorakhpur.pdf,Upnishads,pdf,Hindi/Sanskrit,11/18/22
1015ZpkuagSG1LEoVGu_Banw8CRb25fYJ,Kena Upanishad - Gita Press Gorakhpur.pdf,Upnishads,pdf,Hindi/Sanskrit,8/6/21
1pEh0sY9nxLkk9MjQlleMVpDd7fN2iaax,Kena Upanishad Gita Press Gorakhpur.pdf,Upnishads,pdf,Hindi/Sanskrit,11/18/22
105_cj_4xWK9j_3Lj3JZIBnxS4LhDBqnP,Mandukya Upanishad - Gita Press Gorakhpur.pdf,Upnishads,pdf,Hindi/Sanskrit,8/6/21
18vELOy7yPRq7CPUdzypUzidO9im5tBP9,instaPDF.in-mandukya-upanishad-718.pdf,Upnishads,pdf,Hindi/Sanskrit,9/6/21
1x_NJI7r_hwywvtfxB_Xz0wu5nH36_-3I,वट-सावित्री-व्रत-कथा-vat-savitri-vrat-katha-436 2.pdf,Vat savitri vrat katha,pdf,Devanagari,5/25/25
1bMcbcKVFGWkrhZovkO7gs3-wdiPQN-7a,D48AE4C9-6BBA-409E-BBF1-535B6DC6C971.jpeg,Ved (English),image,English (assumed),11/17/22
1U5aNYRejvdgK89qSGD4hjEqoN8RoAr75,Four-Vedas-English-Translation.pdf,Ved (English),pdf,English,7/17/21
1N1jyY6wG9Cvo6LG7aaKUdCQdaQx--JBr,rigveda_english.pdf,Ved (English),pdf,English,7/16/21
1TaNl9ew-zMYTqhMHIJX9uM_vDhliY4oq,the-4-vedas.pdf,Ved (English),pdf,Hindi/Sanskrit,7/17/21
1FEyg8tADD9W5M7wQXd1RZosvS9UBALt2,D48AE4C9-6BBA-409E-BBF1-535B6DC6C971.jpeg,Ved (gujrati),image,English (assumed),11/17/22
1Rvur9yfX7xBbokuaoMDAHJlXQuWqEr6x,rigveda-gujarati-mandal1.pdf,Ved (gujrati),pdf,Hindi/Sanskrit,7/17/21
1S-SnEvEShF0e8s3y2d2euOen0-Lxa3Xi,samved-gujarati.pdf,Ved (gujrati),pdf,Other Indic,7/17/21
1Rw2-kcBSV9JLKPyqopGJexUjjw6jQu1B,yajurved-gujarati.pdf,Ved (gujrati),pdf,Other Indic,7/17/21
16ARzEqnA8u3l6RwOiJb74NZz9v0lX8_W,D48AE4C9-6BBA-409E-BBF1-535B6DC6C971.jpeg,Ved (hindi),image,English (assumed),11/17/22
1l6dQypsAmDXLccgJ5u7tb00ATa3vRaxZ,अथर्ववेद.pdf,Ved (hindi),pdf,Devanagari,7/26/21
1lLGtoCxdG52yRlCyjS7tTn0q86iZxd45,ऋग्वेद.pdf,Ved (hindi),pdf,Devanagari,7/26/21
1lIuoX_zY7hlUPB9Df1Wu79S8PmkjuYDm,यजुर्वेद.pdf,Ved (hindi),pdf,Devanagari,7/26/21
1lFImFQq3ubMfJtucr60VHk1DHXT0Qdzo,सामवेद.pdf,Ved (hindi),pdf,Devanagari,7/26/21
1V9yFEx9WSq00XGPofcuRshkrYwhu48aj,Atharva Veda Telugu.pdf,Ved (telgu),pdf,Hindi/Sanskrit,7/19/21
1uminXmTCfYoJmIxQFVJYrz4e_i-_-aSe,D48AE4C9-6BBA-409E-BBF1-535B6DC6C971.jpeg,Ved (telgu),image,English (assumed),11/17/22
1V9YUdhslnoz5riM5OYSNOL1hEhpoe3kK,Rig Veda Telugu.pdf,Ved (telgu),pdf,Hindi/Sanskrit,7/19/21
1MpbyLs19G35At7Vh-Kdv_BCYHpGxtEEB,yajur-vedam-telugu.pdf,Ved (telgu),pdf,Hindi/Sanskrit,7/16/21
1oNLvcITdYEqyg6Y2BqzKqgh9W8FvljaK,वैदिक गणित सूत्र.pdf,Vedic maths,pdf,Devanagari,7/30/23
1ABvVIYg0Yy34wFDNRW5oVUZpyvqQKJ8b,Raja Ram Mohan Roy - Vedic Physics_ Scientific Origin of Hinduism.pdf,Vedic physics,pdf,Hindi/Sanskrit,1/13/25
101WGjKEzndFClePCRIyIe8Ekzo0X4r5Y,D48AE4C9-6BBA-409E-BBF1-535B6DC6C971.jpeg,Vedic science,image,English (assumed),11/17/22
1frNfuyX_8ITUW5LSPFMIlOJWiZCWuWM1,science-in-vedas.pdf,Vedic science,pdf,Hindi/Sanskrit,7/22/21
1dVrT8pCmogHip84JqL1U8nHDKQeK4G1H,D48AE4C9-6BBA-409E-BBF1-535B6DC6C971.jpeg,Vemanic sashastra,image,English (assumed),11/17/22
1IHd-MnEG7XQ0lc5i3b_C5vhn08TKDZV9,"The Vimanika Shastra by Maharshi Bharadwaaja,Propounded by Venerable SUBBARAYA SHASTRY (z-lib.org).pdf",Vemanic sashastra,pdf,English (assumed),10/5/21
1hNhS_NJsl8AJIsgGt1Gyx5xsVcHrwStf,Types-of-ancient-vimanas7.png,Vemanic sashastra,image,English (assumed),7/22/21
1hJU5ByrPzxT1_TtbZ-tY6A_wLFumWOgm,Vimana.jpg,Vemanic sashastra,image,English (assumed),7/22/21
1hUuEYjIq0_FsjkdzyuV2xfASEMEUQ1B-,image-of-vimana.jpg,Vemanic sashastra,image,English (assumed),7/22/21
1hT3cwjzuZ06axPD5JOnXEbitLbMYcxVM,indian_pushpaka_vimana.jpg,Vemanic sashastra,image,English (assumed),7/22/21
1hOCxy3wbVD8QkXqP6zsOCF5nm_PBXJPw,research-case-study-on-the-technology-of-rukma-vimana-IJERTV2IS100753.pdf,Vemanic sashastra,pdf,English (assumed),7/22/21
1hJVjR6I7PWFH88ZfymB4jTnPV_rsfZaL,the_vimanika_shastra.pdf,Vemanic sashastra,pdf,English (assumed),7/22/21
1hHmsa2yqXOjVDcglsUXZ4qofdkEjii6t,vimana101.jpg,Vemanic sashastra,image,English (assumed),7/22/21
1h9opG0b6yH7S68ZBSHPP8SLa47F6Gy2v,vimanika shaster.pdf,Vemanic sashastra,pdf,English (assumed),7/22/21
1hEfSuHSbuhkCJsEk0TGCKA9lgyZrP_dD,vimanikaShastraEnglish.pdf,Vemanic sashastra,pdf,English,7/22/21
1SRnKWJEMU5IAufb904rC0KcKXR2qvDuU,D48AE4C9-6BBA-409E-BBF1-535B6DC6C971.jpeg,Vidur niti,image,English (assumed),11/17/22
1f_l-k0oNeLahIcrR40eU6ZSuh5c67gcm,Vidur-Niti_sanskrit.pdf,Vidur niti,pdf,Hindi/Sanskrit,7/22/21
1nNY1GfDKyezHB3dQcS_XdouF2y5zG4Cd,D48AE4C9-6BBA-409E-BBF1-535B6DC6C971.jpeg,Vigyan bhairav tantra,image,English (assumed),11/17/22
1_lZDxoeuj8neyknuHUG4SFbUXskxVsy5,"VIGYAN BHAIRAV (RUDRYAMAL TANTRA KA GOOD REHASYA) Bhairav Bhairvi Samwad (Hindi Edition) (DASHORA, NANDLAL) (Z-Library).pdf",Vigyan bhairav tantra,pdf,Hindi/Sanskrit,6/22/24
1gRAkX7b47mSSYzMFXMtGQK-dhWkAfbZ3,Vigyan bhairav (bapulal).pdf,Vigyan bhairav tantra,pdf,English (assumed),8/4/24
1DWRLYXAsQ1d31AhgjKhwG4ssauknKR7W,"Vigyan Bhairav Tantra, Vol 1 (1).pdf",Vigyan bhairav tantra (English),pdf,English (assumed),3/9/24
18HMGKUiND4qV9YfQIIxf_qWPCZQCBCmI,"Vigyan Bhairav Tantra, Vol 2 (1).pdf",Vigyan bhairav tantra (English),pdf,English (assumed),3/9/24
1Ox33QT28PclAd-Lm8jPXhVyFi121JKz6,Sri_Vishnu_Sahasranama_Stotram.pdf,Vishnu shahsranama english,pdf,English (assumed),Jun 26
1pbfD9AEioguGKKLPMkdrOsRHHHJr3FIl,Ayurvedic Upay.pdf,Yoga,pdf,Hindi/Sanskrit,7/26/21
1OTK6fmXFdvwXWzf00ISe1uukIfeBxs_U,D48AE4C9-6BBA-409E-BBF1-535B6DC6C971.jpeg,Yoga,image,English (assumed),11/17/22
14KPPUPOp_qYGfnDbrVJaX4GlXo1TvXIO,Patanjali Yoga Sutra by Swami Vivekananda.pdf,Yoga,pdf,English (assumed),8/16/21
1peMnPVMgznL54q_mIbGIWBXAnG7jPoOt,Yoga.pdf,Yoga,pdf,English (assumed),7/26/21
1pioIihva28TWeCaZuKRKyx7hU_og85TN,तुलसी के चमत्कारी गुण.pdf,Yoga,pdf,Devanagari,7/26/21
1plO6vcBeSd4vw6aowkgZBW20pRjowCs-,योग आसन ( चित्र ).pdf,Yoga,pdf,Devanagari,7/26/21
1po3dZKxWvSjfArZV7N0Rtvfg8RhUHTIO,हमारी_हिन्दू_संस्कृति_पूर्णतः_विज्ञान.pdf,Yoga,pdf,Devanagari,7/26/21
1pen1EjUEtTElY7BsNQt8PYgBc10Sv8N0,हिन्दू_मान्यताओं_का_वैज्ञानिक_आधार.pdf,Yoga,pdf,Devanagari,7/26/21
1aZVhtF-M0YlNTMp-vexNG0fB6Q8OJSC5,D48AE4C9-6BBA-409E-BBF1-535B6DC6C971.jpeg,aatmbodh english,image,English (assumed),11/17/22
1eRa3TFgItStTlNF38IFA2EYQEFUBIcH9,Sri_Shankaracharya-AtmaBodha (and Other Stotras) - Swami Nikhilananda (1947) [Sanskrit-English].pdf,aatmbodh english,pdf,English,8/15/22
1OkNX9jAYSwz2Oj_18JRryaaEYRnyllAv,2015.341974.99999990234752.pdf,astrology hindi,pdf,English (assumed),8/15/22
1TuZXvbAEzIRUJYL6r-lLi3ldRHxc_9sJ,2015.342017.99999990234792.pdf,astrology hindi,pdf,English (assumed),8/15/22
1XCQy9YvKXodnIL81JTRTyGDpfOUronz8,2015.342293.Sachitra-Jyotish.pdf,astrology hindi,pdf,English (assumed),8/15/22
106IEpnbW661rG2a33DGYBSXz5AuU5NFt,2015.342310.Sugam-Jyotish.pdf,astrology hindi,pdf,English (assumed),8/15/22
1RNaDGEwhkkNKBF0LHjGmMmhz26jzj3pi,2015.378893.Bhartiya-Jyotish.pdf,astrology hindi,pdf,English (assumed),8/15/22
1AJ-QKhjeWLpzqoL5kvwaRLmkI_DH5i2D,2015.464310.Dynamic-Astrology.pdf,astrology hindi,pdf,English (assumed),8/15/22
1XptJNl8NPifWqYX75QyIjBfw_QHW8Ggn,2015.538690.Ratna-Parichay.pdf,astrology hindi,pdf,English (assumed),8/15/22
1Lj-yuvD54RezCNSzzmfMgcyTnYtbW19l,2015.545358.Ank-Vidya.pdf,astrology hindi,pdf,English (assumed),8/15/22
1zBFqphqJ0W3l8m6yH28aWnBFX-gKiHdY,2015.553830.Bhrigu-Sanhita.pdf,astrology hindi,pdf,English (assumed),8/15/22
1vHlmzLkP2Yqrr-21p84HrCn2hJY1GLqS,D48AE4C9-6BBA-409E-BBF1-535B6DC6C971.jpeg,astrology hindi,image,English (assumed),11/17/22
1KeLo-kHyVgDE2yo_KB8CdtPuJ-H6DlMR,vastu shastra hindi.pdf,astrology hindi,pdf,Hindi/Sanskrit,8/15/22
1wUSx9bEsPwzA-cWRlN9kQl47rUtM5-ZH,1. Ancient Remedies for a Modern You An Introduction to Ayurveda Author Premal Patel.pdf,ayurveda english,pdf,Hindi/Sanskrit,8/15/22
1zTNtmZabf5WfdpvHd-9LC7dAsAeOQFfr,"10. Ayurvedas Perspective on Healing Mental Illness Author AdPurkh Kaur Khalsa, Emily K Smith.pdf",ayurveda english,pdf,Hindi/Sanskrit,8/15/22
1CQNa-VRnrNpTOVkRmbHB-1mf7sy2xWLi,11. Concept of Psychology &amp; the Mind in Ayurved Author Maheshkumar Nilkanth Chaudhari.pdf,ayurveda english,pdf,English (assumed),8/15/22
1sOPF25JizU9i6NmVE4OCykveUkH2z2TX,12. Concept of Personality Type in West and in Ayurveda (Article) Author Rudrani Mukherjee.pdf,ayurveda english,pdf,Hindi/Sanskrit,8/15/22
1X384OLFN0d2HvrumjWK1TYft0idh7UFe,13. Holistic Nutrition For Children and Elderly In View Of Ayurveda Author Dr Rakesh Kumar Jain.pdf,ayurveda english,pdf,Hindi/Sanskrit,8/15/22
115PLlNKIH9exhdaDbU7P1y4LbRsOQKuK,"14. A Study of Ayurvedic Style of Cooking and It’s Influence in Day to Day Life (Article) Author Dr Kiran Shende,Mr Rahul Bhalekar.pdf",ayurveda english,pdf,Hindi/Sanskrit,8/15/22
1wL0b4QMP9V3Pk5jamVM3nO7HwShtOwZu,15. Ideal Daily Routine According to Maharishi Ayurveda (Article) Author Center for Optimal Health.pdf,ayurveda english,pdf,Hindi/Sanskrit,8/15/22
1wQ0UxsFOB72IRY9IcC5ZBarAnsUd7oci,16. Introduction to Ayurveda (Presentation) Author Ajita Patel.pdf,ayurveda english,pdf,Hindi/Sanskrit,8/15/22
1WrIVlGFk5VRUodADPlQxT0HT_IlFmUfo,17. Introduction to system of medicine Author  Department of Collegiate Education Government of Karnataka India.pdf,ayurveda english,pdf,English (assumed),8/15/22
1nfDQkMZneZdNV3M2KUTIV1jQOo0wtkqJ,18. Theory of Ayurveda (Presentation) Author Dr Chakra Pany Sharma.pdf,ayurveda english,pdf,Hindi/Sanskrit,8/15/22
1LVIbKKOpOZkSStnO-6DKvzGXTYLCYjgZ,2. History of Ayurveda a Heritage of Healing Author Poliklinika Harni.pdf,ayurveda english,pdf,Hindi/Sanskrit,8/15/22
1zCNLs2XsTaJzTv_s7YYpYw9oR7pH3i9U,"3. My Health My Responsibility Ayu Samvad Ayurveda for Covid 19 Author Shri Shripad Yasso Naik,Padmashree Vaidya Rajesh Kotecha,Shri Pramod Kumar Pathak.pdf",ayurveda english,pdf,Hindi/Sanskrit,8/15/22
11oLLKRWBi3b6Z_fG7EQUp23Z8fE-kn6V,4. An Ayurvedic Approach to Losing Weigh Author Banyan Botanicals.pdf,ayurveda english,pdf,Hindi/Sanskrit,8/15/22
1wQgVy0QYE37c8mlBUH47XEIcrtPVVoWP,5. Ayurveda Kapha Daily Routine Author Yoga Veda Institute Educational Programs.pdf,ayurveda english,pdf,Hindi/Sanskrit,8/15/22
1ivH2IzbXa7BSta_SWjJSqTaI-SNkPTJI,6. Accounts of Pathogenic Organisms in the Early Texts of Ayurveda Author P Ram Manohar.pdf,ayurveda english,pdf,Hindi/Sanskrit,8/15/22
1RDiG0nAvC2ItWFjD4M4dCQDDzCXpSkH2,7. Ontology of Personhood in Ayurveda from the Perspective of Patients and Physicians in Palampur Himachal Pradesh An Independent Stud Author Denise DeFelice.pdf,ayurveda english,pdf,Hindi/Sanskrit,8/15/22
1HW5uVgMHf_jVbSaZN8eE21aFFJvMeDbP,"8. Ancient Wisdom and Future Medicine A Defense of the Science of Ayurveda  Author Michael Eatmon,Dr Thomas Moore,Dr Jayashree Shivamoggi.pdf",ayurveda english,pdf,Hindi/Sanskrit,8/15/22
1SGx-GyoIzRS74JWr0rpOoOBWUKo7hHDX,9. Concepts of Human Physiology in Ayurveda Author Kishor Patwardhan.pdf,ayurveda english,pdf,Hindi/Sanskrit,8/15/22
1A--oGuyzmbDkDonQdyc4ctCqupmBnhPY,D48AE4C9-6BBA-409E-BBF1-535B6DC6C971.jpeg,ayurveda english,image,English (assumed),11/17/22
1dmFkSKSIW4mDxwoP19fMc-IllXlT13-0,D48AE4C9-6BBA-409E-BBF1-535B6DC6C971.jpeg,bhramcharya english,image,English (assumed),11/17/22
1XN9PYubyv6UvoQo-USmr_9PMDoHyYGjF,Strength+of+Brahmacharya.pdf,bhramcharya english,pdf,English (assumed),7/29/24
10skCQx3dfVE00TYcWGXepPJWrS2lLrGu,Swami-Vivekananda-on-Brahmacharya.pdf,bhramcharya english,pdf,English (assumed),7/29/24
1HP4ydpYnXvwX88Y8odmxbEZ9QnxkjT8_,- Rigveda Samhitaa -_1.pdf,kannada books,pdf,Hindi/Sanskrit,5/29/23
1Kklnn9GdmfoU6T37BZ_4ZQX_Z2s6OGNP,D48AE4C9-6BBA-409E-BBF1-535B6DC6C971.jpeg,kannada books,image,English (assumed),11/17/22
1dYW9wBfVfYIil1p5dKJ2S0W6emu6tXb9,Valmiki Ramayanam Baalakanda- N Ranganatha sharma.pdf,kannada books,pdf,English (assumed),10/13/22
1uTjoaRZcSASNEQf8so_r31NvaRUntHUg,ಬೃಹಜ್ಜಾತಕ ಕನ್ನಡ.pdf,kannada books,pdf,English (assumed),5/29/23
1-ocWY0YX0VK7ccPzsLvjO6x2wmbBOiv0,ಭಗವಂತನ ಕೃಪೆ_.pdf,kannada books,pdf,English (assumed),9/23/21
15QWWKqbZGtT2CZZezNbFRQ8vlU2etdsN,ಭೀಷ್ಮ ಪಿತಾಮಹರ ಕಥೆ_.pdf,kannada books,pdf,English (assumed),9/23/21
1aLXqr1ZD82KaR-3W3_E-8VgQOGmoDard,ಮಹಾಭಾರತದ ಆದರ್ಶ_.pdf,kannada books,pdf,English (assumed),9/23/21
1A4LcRaSLd3F3ugFXcCV9N6h8Npzr4qVP,ವಾಸ್ತವಿಕ ಸುಖ ಆನಂದ_.pdf,kannada books,pdf,English (assumed),9/23/21
10tBOwVi3PwC-6LleBmXYoyY4hXHPqXxI,ವಿಷ್ಣು ಸಹಸ್ರ ನಾಮ_.pdf,kannada books,pdf,English (assumed),9/23/21
1F-bvn7qGSzE1dzoM_IG3VAX-z5zC2bY_,ಶಿಕ್ಷಪ್ರದ_.pdf,kannada books,pdf,English (assumed),9/23/21
1-KL0P-HdQUyzHNdq-6hMMRyJL3SONRcU,ಸಂಪೂರ್ಣ ಋಗ್ವೇದ ಕನ್ನಡ .pdf,kannada books,pdf,English (assumed),9/21/21
1ngpsKBi10sj4_UixC_gR6zRW443xWU6X,ಸಮಯದ ಸದುಪಯೋಗ ಹೇಗೆ_.pdf,kannada books,pdf,English (assumed),9/23/21
1sWJ5ja5tKK4tOnTamyv3hnklCWRZMvXd,D48AE4C9-6BBA-409E-BBF1-535B6DC6C971.jpeg,narad Bhakti sutra hindi,image,English (assumed),11/17/22
1BkGDUe2SiCYUA5a0untA04yMDpIn-MWA,Narad and Shandilya bhakti sutra.pdf,narad Bhakti sutra hindi,pdf,English (assumed),9/16/21
1BuJuQhAXijkHEiuAZ2P2BjrLn5cIr3pu,D48AE4C9-6BBA-409E-BBF1-535B6DC6C971.jpeg,narad bhakti sutra english,image,English (assumed),11/17/22
1YW5QCIR_kokZ1qbjIkyk9sLssJ9zuZI2,Narada_Bhakti_Sutra.pdf,narad bhakti sutra english,pdf,English (assumed),8/15/22
1PX7k79I6Mo5pptK9OpjSqQU7qvJzsI1Y,संस्कृतम् - पाठ 1 संस्कृत वर्णमाला Learn Sanskrit_ Alphabet.mp4,sanskrit course,unknown,Devanagari,12/25/23
1l75pVRu8i2QKk0TD0SpZcDPZvV23OTAN,"संस्कृतम् - पाठ 11, सर्वनाम, लट् लकार. Learn Sanskrit_ Pronouns &amp; the Present Te.mp4",sanskrit course,unknown,Devanagari,12/25/23
1udqEVr1SAO3M0ud901TbF1xy14doP_bU,"संस्कृतम् – पाठ 10, उत्तम पुरुष Learn Sanskrit_ First Person.mp4",sanskrit course,unknown,Devanagari,12/25/23
1MxwH7ruyhF8M4GNYWxi5t6DNwmprsokI,"संस्कृतम् – पाठ 12, अश्वः Learn Sanskrit_ Masculine Nouns.mp4",sanskrit course,unknown,Devanagari,12/25/23
14peVR-DQ8sPAE0ncWELpnXp8t3L3DnCC,"संस्कृतम् – पाठ 13, नपुंसकलिंग Learn Sanskrit_ Neuter Gender.mp4",sanskrit course,unknown,Devanagari,12/25/23
1GDYOIo7MyStVrmL43xw4vBw-jWnYGz96,"संस्कृतम् – पाठ 14, अकारांत नपुंसकलिंग Learn Sanskrit_ Neuter Nouns in -A.mp4",sanskrit course,unknown,Devanagari,12/25/23
1WqAu5jQQ9o-c0J2sPv7cyUliaTC85X3J,"संस्कृतम् – पाठ 15, लृट् लकार Learn Sanskrit_ Future Tense.mp4",sanskrit course,unknown,Devanagari,12/25/23
1l7RLFOMowC2rS-8Y27eY7L7q9sildwBe,"संस्कृतम् – पाठ 16, लङ् लकार Learn Sanskrit_ Past Tense.mp4",sanskrit course,unknown,Devanagari,12/25/23
1J-w0zmb3eJ07TnD63EmgoevRXv-HvqOs,"संस्कृतम् – पाठ 17, विधिलिङ् लकार Learn Sanskrit_ Should.mp4",sanskrit course,unknown,Devanagari,12/25/23
18aWzxFASUyvDfak7yhqdO0u9M7K9AkA3,"संस्कृतम् – पाठ 18, लोट् लकार Learn Sanskrit_ Orders, Requests.mp4",sanskrit course,unknown,Devanagari,6/26/24
1z5hWX75o_4vu_oCXtjuhNzx2435JecFR,"संस्कृतम् – पाठ 19, आकारांत स्त्रीलिंग Learn Sanskrit_ Akarant Feminine.mp4",sanskrit course,unknown,Devanagari,12/25/23
1GqFyKz8BedNKCTejMGVQC_pREA-TMJq5,"संस्कृतम् – पाठ 2, मात्राएँ _ Learn Sanskrit_ Vowel Marks.mp4",sanskrit course,unknown,Devanagari,12/25/23
1K1veqodPusGWduuWFriHFr4nrTmpKjK4,"संस्कृतम् – पाठ 20, अस्मद् Learn Sanskrit_ I, We.mp4",sanskrit course,unknown,Devanagari,7/1/24
1L4K5fcrONwGXvnTvnBhbZrxIiLaW7bHn,"संस्कृतम् – पाठ 21, अस् धातु Learn Sanskrit_ The Copula –Is, Am, Are.mp4",sanskrit course,unknown,Devanagari,12/25/23
1mF9kdV5I3cpjVmT9aU0MFf2IOOjXJl-R,"संस्कृतम् – पाठ 22, युष्मद् – तुम Learn Sanskrit_ You, Your etc.mp4",sanskrit course,unknown,Devanagari,12/25/23
1iUkLqvaBoz26iiOfnlkzhOhL8JJpJiKM,"संस्कृतम् – पाठ 23, सः तत् Learn Sanskrit_ He, his, him, they, them etc.mp4",sanskrit course,unknown,Devanagari,12/25/23
1g2IWa6GUU4OuYNu4Mc0XgCKR3uMwRIOD,"संस्कृतम् – पाठ 24, किम् के कानि Learn Sanskrit_ Who,What, Whom,Whose.mp4",sanskrit course,unknown,Devanagari,12/25/23
1SIgmoRG2kuqHCICFKP4KY0-7QsvH_c0E,"संस्कृतम् – पाठ 25, यत् ये यानि Learn Sanskrit_ Who, Whom,Whose.mp4",sanskrit course,unknown,Devanagari,12/25/23
1pVIBLVP3c_-tyCcftQhHYIQ39WwrYIYO,"संस्कृतम् – पाठ 26, सा, या, का Learn Sanskrit_ Feminine Forms of Pronouns, She.mp4",sanskrit course,unknown,Devanagari,12/25/23
1GwoJqPqUcEqy5X4gZN5TLuelv5l5gBuf,"संस्कृतम् – पाठ 27,इकरान्त पुंल्लिंग Learn Sanskrit_ Masculine Nouns in –i.mp4",sanskrit course,unknown,Devanagari,12/25/23
1tiQhTJL5AXT-XO327J4uRJYQyT7clHHa,"संस्कृतम् – पाठ 28,उकरान्त पुंल्लिंग Learn Sanskrit_ Masculine Nouns in –u.mp4",sanskrit course,unknown,Devanagari,12/25/23
1MLEhKCfh4ucXAqhFSYQfI7Vt2AiJ-1aI,"संस्कृतम् – पाठ 29,संस्कृत धातुपाठ Learn Sanskrit_ List of Verbs_ Part 1.mp4",sanskrit course,unknown,Devanagari,12/25/23
1sEa1I97L7F976NHCTteTJyZxDF256K84,"संस्कृतम् – पाठ 3, संयुक्त वर्ण –1 Learn Sanskrit_ Consonant Clusters.mp4",sanskrit course,unknown,Devanagari,12/25/23
1SCK0Guu1-MBnVKco6T5cNty2ymq3iSOm,"संस्कृतम् – पाठ 30, संख्याशब्द Learn Sanskrit_ Cardinal Numerals संस्कृत में गिन.mp4",sanskrit course,unknown,Devanagari,12/25/23
1rFdiGTZv9r1xo32LG4XzecT-MXAhjdAf,"संस्कृतम् – पाठ 31, संख्याशब्दों के लिंग Learn Sanskrit_ Gender of Numerals.mp4",sanskrit course,unknown,Devanagari,12/25/23
1fx9MzqEKwDv7IRZUC-JA7blPjQCN8W1D,"संस्कृतम् – पाठ 32, ऋकारांत शब्द Learn Sanskrit_ Nouns ending in –ri.mp4",sanskrit course,unknown,Devanagari,12/25/23
1IZ1BXknUetqFo_94wUG0Nz0UOZnuR_9U,"संस्कृतम् – पाठ 33, संस्कृत धातुपाठ Learn Sanskrit_ List of Sanskrit Verbs Part .mp4",sanskrit course,unknown,Devanagari,12/25/23
1p_DT83StCTyaG6UYjeZ8e6rkQDnHLcBC,"संस्कृतम् – पाठ 34, पूरणी संख्याएँ Learn Sanskrit_ Ordinal Numbers.mp4",sanskrit course,unknown,Devanagari,12/25/23
1os9m2DdqN5GYGnyZshUvBM_gOn1Z7ID_,"संस्कृतम् – पाठ 35, आत्मनेपदी धातु Learn Sanskrit_ Atmanepadi Verb.mp4",sanskrit course,unknown,Devanagari,12/25/23
1XNkUsi46YClnGoXTiEGiNxWEzh9VMPL5,"संस्कृतम् – पाठ 36, आत्मनेपदी धातुएँ Learn Sanskrit_ More Atmanepadi Verbs Part.mp4",sanskrit course,unknown,Devanagari,12/25/23
16cT4cpyKhcveGJ2UYUMyng8XZIOj0gZk,"संस्कृतम् – पाठ 37, संस्कृत धातुपाठ Learn Sanskrit_ List of Sanskrit Verbs Part .mp4",sanskrit course,unknown,Devanagari,12/25/23
1Y6Zt3tvjhTJEjCHnIAWlobg4isXiwTx8,"संस्कृतम् – पाठ 38, ईकारांत शब्द Learn Sanskrit_ Nouns ending in –ई.mp4",sanskrit course,unknown,Devanagari,12/25/23
1YgrMPtJJf03eygmsjWLMf-gWXJakJCpA,"संस्कृतम् – पाठ 39, उकारांत शब्द Learn Sanskrit_ Nouns ending in –उ.mp4",sanskrit course,unknown,Devanagari,12/25/23
1t3pskJSqcHc56Gf77zmLpa2VI15AHCpN,"संस्कृतम् – पाठ 4, संयुक्त वर्ण –2 Learn Sanskrit_ Consonant Clusters.mp4",sanskrit course,unknown,Devanagari,12/25/23
1wWM_dsvgGG2aIlrsKR5hEYbr0OHSORFm,"संस्कृतम् – पाठ 40, हलन्त शब्द Learn Sanskrit_ Nouns ending in a Consonant.mp4",sanskrit course,unknown,Devanagari,12/25/23
1QvUIZIFK1Tj0NjgaiBhh0aAB9wFgs9of,"संस्कृतम् – पाठ 41, संस्कृत धातुपाठ Learn Sanskrit_ List of Sanskrit Verbs Part .mp4",sanskrit course,unknown,Devanagari,12/25/23
1rnZFlJWUrRwB69Ivr8GwmzeY-gELJXA1,"संस्कृतम् – पाठ 42, द्वितीया विभक्ति कर्म कारक Learn Sanskrit_ Accusative Case.mp4",sanskrit course,unknown,Devanagari,12/25/23
1GLHT1gmKII_QXX428fQNgh3oZTDCfu-n,"संस्कृतम् – पाठ 43, तृतीया विभक्ति करण कारक Learn Sanskrit_ Instrumental Case.mp4",sanskrit course,unknown,Devanagari,12/25/23
1V1e98Kg-JYnxSaQFgWDxOCXiWoDSCtXD,"संस्कृतम् – पाठ 44, क्त्वा प्रत्यय Learn Sanskrit_ The Suffix Ktva.mp4",sanskrit course,unknown,Devanagari,12/25/23
1JS4yJzYuJchN7zE_qX6VjFNAl2LOjM0a,"संस्कृतम् – पाठ 45, संस्कृत धातुपाठ Learn Sanskrit_ List of Verbs_ Part 5.mp4",sanskrit course,unknown,Devanagari,12/25/23
1Y8RVmiQ6OXvwWvhdy0lnqui2nplUCXtk,"संस्कृतम् – पाठ 46, ल्यप् प्रत्यय Learn Sanskrit_ The Suffix Lyap.mp4",sanskrit course,unknown,Devanagari,12/25/23
1lwVSqRITD-8PoHa05urGHORaunycDdNP,"संस्कृतम् – पाठ 47, संप्रदान कारक Learn Sanskrit_ The Dative Case.mp4",sanskrit course,unknown,Devanagari,12/25/23
1fJG66_pyjrFdfPDnCqiMRSumNZu6wnUy,संस्कृतम् – पाठ 48 अपादान कारक Learn Sanskrit_ The Ablative Case पंचमी विभक्ति.mp4,sanskrit course,unknown,Devanagari,12/25/23
1IbpUHM_JYDxH2yzxyhr90jogl8Pv_tLm,संस्कृतम् – पाठ 49 संबंध कारक Learn Sanskrit_ The Possessive Case षष्ठी विभक्ति.mp4,sanskrit course,unknown,Devanagari,12/25/23
1eZ7C7ok1DelgbGShNxm2FWqhddFkFpzy,"संस्कृतम् – पाठ 5, एषः कः Learn Sanskrit_ Who is.mp4",sanskrit course,unknown,Devanagari,12/25/23
1efpSSG5g_V3OfZQ8GB-7hxlkwAk_-KeC,"संस्कृतम् – पाठ 50, क्त प्रत्यय Learn Sanskrit_ The Suffix Kta.mp4",sanskrit course,unknown,Devanagari,12/25/23
1WXZSyI3H6l7vsYIFuxe6he5nQwjSML_9,"संस्कृतम् – पाठ 51, क्तवतु प्रत्यय Learn Sanskrit_ The Suffix Ktavatu.mp4",sanskrit course,unknown,Devanagari,12/25/23
1QZDxht_1nk4bv5IMLmJIPnxy1sRMtvj_,"संस्कृतम् – पाठ 52, शतृ प्रत्यय Learn Sanskrit_ The Suffix Shatri.mp4",sanskrit course,unknown,Devanagari,12/25/23
1KdpYPd8RziVEAzK02WCId2tYLdZivzqb,"संस्कृतम् – पाठ 53, शानच् प्रत्यय Learn Sanskrit_ The Suffix Shanach.mp4",sanskrit course,unknown,Devanagari,12/25/23
1UcRq5BhG313OA4YPhFF1ZJ4oC-_dP6TB,"संस्कृतम् – पाठ 54, तुमुन् प्रत्यय Learn Sanskrit_ The Suffix Tumun.mp4",sanskrit course,unknown,Devanagari,12/25/23
1ccwWR0XsX8t18le4Zia9rWzqoq1xUVDX,"संस्कृतम् – पाठ 55, ल्युट् प्रत्यय Learn Sanskrit_ The Suffix Lyut.mp4",sanskrit course,unknown,Devanagari,12/25/23
1vzcTkfEivX0qomTBBqb0a0dhlO1WnXKs,"संस्कृतम् – पाठ 56, अ, अच् और क्तिन् प्रत्यय Learn Sanskrit_ The Suffix A, Ach a.mp4",sanskrit course,unknown,Devanagari,12/25/23
1SiEyoxdLKvecsu6iYZODoEhoKGGkOjhy,"संस्कृतम् – पाठ 57, तव्यत् अनीयर् यत् ण्यत् प्रत्यय Learn Sanskrit_ The Suffix T.mp4",sanskrit course,unknown,Devanagari,12/25/23
1nUhqFHH15Ct5F9CJRCSftcSQ8I3imcvJ,"संस्कृतम् – पाठ 58, ण्वुल् तृच् णिनि प्रत्यय Learn Sanskrit_ The Suffix Nvul, Tr.mp4",sanskrit course,unknown,Devanagari,12/25/23
1TGIfAjmhGmB1G9ukF5G1uSHj-KksnRZn,संस्कृतम् – पाठ 59 अधिकरण कारक Learn Sanskrit_ The Locative Case सप्तमी विभक्ति.mp4,sanskrit course,unknown,Devanagari,12/25/23
1-9wX1ZP_TyOVQmYxuT9BScRLmiS9yJcj,"संस्कृतम् – पाठ 6, सः किम् करोति Learn Sanskrit_ Who does.mp4",sanskrit course,unknown,Devanagari,12/25/23
16cn3_b5xHebJC4LruRpGuvMKxE_30-hE,संस्कृतम् – पाठ 60 सन् और णिच् प्रत्यय Learn Sanskrit_ The Suffix San &amp; Nich.mp4,sanskrit course,unknown,Devanagari,12/25/23
1gNJLdAtlwFS2hBz9E3_OQvE26iWUzqoh,"संस्कृतम् – पाठ 61, कर्म वाच्य Learn Sanskrit_ Passive Voice Part 1.mp4",sanskrit course,unknown,Devanagari,12/25/23
1ppqJMVc7LyW2_EbpZkbRLQzmZecAMSsF,"संस्कृतम् – पाठ 62, Learn Sanskrit_ Passive Voice Part 2.mp4",sanskrit course,unknown,Devanagari,12/25/23
1bzOof8hYMV_TzHt9s32hq3tvfWuy_uXe,"संस्कृतम् – पाठ 63, चित् प्रत्यय, सर्वः Learn Sanskrit_ Sarva, Chit Pratyay.mp4",sanskrit course,unknown,Devanagari,12/25/23
1qi7nGa8ryHs-SBWMvIGGMQzWiDgE-c3H,"संस्कृतम् – पाठ 64, अव्यय Learn Sanskrit_ The Adverbs Part 1.mp4",sanskrit course,unknown,Devanagari,12/25/23
1cZqRi7BI-SJaCq0MejjdNF_MrI9wq-G4,"संस्कृतम् – पाठ 65, अव्यय Learn Sanskrit_ The Adverbs Part 2.mp4",sanskrit course,unknown,Devanagari,12/25/23
1f-8hZ8hxtHf6sfHf4evjIbclISThuTlB,"संस्कृतम् – पाठ 66, लिट् लकार Learn Sanskrit_ The Remote Past.mp4",sanskrit course,unknown,Devanagari,12/25/23
1vmgp1CeETW0IUd5G2WopmQIU98kvaB-e,"संस्कृतम् – पाठ 7, कर्ता, कर्म व क्रिया Learn Sanskrit_ Subject, Object &amp; Verb.mp4",sanskrit course,unknown,Devanagari,12/25/23
13gDRMRS9kax4e2jZujKaXNN4oQ4IgLUN,"संस्कृतम् – पाठ 8, वचन Learn Sanskrit_ Number &amp; Third Person.mp4",sanskrit course,unknown,Devanagari,12/25/23
1BRN3Bc4bVraFC1VKDRGYzl9con3siwiw,"संस्कृतम् – पाठ 9, मध्यम पुरुष Learn Sanskrit_ Second Person.mp4",sanskrit course,unknown,Devanagari,12/25/23
1RF16VRlC-GEWgoIhcud82SXJDsjEf-nA,2015.327535.Shrimad-Bhagwad.pdf,shrihari tika (bhagwat),pdf,English (assumed),12/7/21
