filename,field,severity,message,current_value
2015.378440.Aatm-Bodh_text.pdf,publisher,info,Publisher not extracted,
D48AE4C9-6BBA-409E-BBF1-535B6DC6C971.jpeg,author,warning,Author not extracted,
D48AE4C9-6BBA-409E-BBF1-535B6DC6C971.jpeg,publisher,info,Publisher not extracted,
Prakashika-10 Abhigyan Shankuntal.pdf,publisher,info,Publisher not extracted,
WG463-1981-AkashBhairavaKalpamOfUmaMaheshwara.pdf,author,warning,Author not extracted,
WG463-1981-AkashBhairavaKalpamOfUmaMaheshwara.pdf,publisher,info,Publisher not extracted,
Ancient Indian Scientific Thought (1).pdf,author,warning,Author not extracted,
Ancient Indian Scientific Thought (1).pdf,publisher,info,Publisher not extracted,
Arthasastra Hindi Translation Udayvir Shastri.pdf,author,warning,Author not extracted,
Arthasastra Hindi Translation Udayvir Shastri.pdf,publisher,info,Publisher not extracted,
D48AE4C9-6BBA-409E-BBF1-535B6DC6C971.jpeg,author,warning,Author not extracted,
D48AE4C9-6BBA-409E-BBF1-535B6DC6C971.jpeg,publisher,info,Publisher not extracted,
aryabhata_with_english_commentary.pdf,publisher,info,Publisher not extracted,
Aditya Hridyam Stotram.pdf,author,warning,Author not extracted,
Aditya Hridyam Stotram.pdf,publisher,info,Publisher not extracted,
D48AE4C9-6BBA-409E-BBF1-535B6DC6C971.jpeg,author,warning,Author not extracted,
D48AE4C9-6BBA-409E-BBF1-535B6DC6C971.jpeg,publisher,info,Publisher not extracted,
Hindi Book-Astanga-hrdayam.pdf,author,warning,Author not extracted,
Hindi Book-Astanga-hrdayam.pdf,publisher,info,Publisher not extracted,
28Nakshatras-TheRealSecretsofVedicAstrologyAne-book.docx,author,warning,Author not extracted,
28Nakshatras-TheRealSecretsofVedicAstrologyAne-book.docx,publisher,info,Publisher not extracted,
BPHS - 1 RSanthanam.pdf,author,warning,Author not extracted,
BPHS - 1 RSanthanam.pdf,publisher,info,Publisher not extracted,
BPHS - 2 RSanthanam.pdf,author,warning,Author not extracted,
BPHS - 2 RSanthanam.pdf,publisher,info,Publisher not extracted,
D48AE4C9-6BBA-409E-BBF1-535B6DC6C971.jpeg,author,warning,Author not extracted,
D48AE4C9-6BBA-409E-BBF1-535B6DC6C971.jpeg,publisher,info,Publisher not extracted,
Nakshatras complete.pdf,author,warning,Author not extracted,
Nakshatras complete.pdf,publisher,info,Publisher not extracted,
Prashna Jyotish ( PDFDrive.com ).pdf,author,warning,Author not extracted,
Prashna Jyotish ( PDFDrive.com ).pdf,publisher,info,Publisher not extracted,
raman-how-to-judge-horoscope-1.pdf,publisher,info,Publisher not extracted,
raman-how-to-judge-horoscope-2.pdf,publisher,info,Publisher not extracted,
vedic_astro_textbook.pdf,publisher,info,Publisher not extracted,
Arogyanidhi2.pdf,publisher,info,Publisher not extracted,
Arogyanidhii.pdf,publisher,info,Publisher not extracted,
D48AE4C9-6BBA-409E-BBF1-535B6DC6C971.jpeg,author,warning,Author not extracted,
D48AE4C9-6BBA-409E-BBF1-535B6DC6C971.jpeg,publisher,info,Publisher not extracted,
SARAL_ROGOPCHAR_gujarati.pdf,publisher,info,Publisher not extracted,
SadhakSanjivani.pdf,author,warning,Author not extracted,
SadhakSanjivani.pdf,publisher,info,Publisher not extracted,
Vividh_Chikitsa.PDF,publisher,info,Publisher not extracted,
Vividh_Chikitsa_no__6_.pdf,publisher,info,Publisher not extracted,
sadhak_sanjivini_sanskrit_hindi.pdf,publisher,info,Publisher not extracted,
shri-bagla-sahsranaam-stotram.pdf,publisher,info,Publisher not extracted,
श्री_मद्भागवत_महापुराण_द्वितीय_खण्ड.pdf,publisher,info,Publisher not extracted,
श्री_मद्भागवत_महापुराण_प्रथम_खण्ड.pdf,publisher,info,Publisher not extracted,
D48AE4C9-6BBA-409E-BBF1-535B6DC6C971.jpeg,author,warning,Author not extracted,
D48AE4C9-6BBA-409E-BBF1-535B6DC6C971.jpeg,publisher,info,Publisher not extracted,
bhagavad-gita-as-it-is.pdf,publisher,info,Publisher not extracted,
455_gita_roman (1).pdf,publisher,info,Publisher not extracted,
Bhagavad-gita-Swami-BG-Narasingha.pdf,author,warning,Author not extracted,
Bhagavad-gita-Swami-BG-Narasingha.pdf,publisher,info,Publisher not extracted,
D48AE4C9-6BBA-409E-BBF1-535B6DC6C971.jpeg,author,warning,Author not extracted,
D48AE4C9-6BBA-409E-BBF1-535B6DC6C971.jpeg,publisher,info,Publisher not extracted,
Telugu-Bhagavad-gita-His-Divine-Grace-AC-Bhaktivedanta-Swami-Prabhupada (1).pdf,author,warning,Author not extracted,
Telugu-Bhagavad-gita-His-Divine-Grace-AC-Bhaktivedanta-Swami-Prabhupada (1).pdf,publisher,info,Publisher not extracted,
unencrypted-geeta.pdf,publisher,info,Publisher not extracted,
D48AE4C9-6BBA-409E-BBF1-535B6DC6C971.jpeg,author,warning,Author not extracted,
D48AE4C9-6BBA-409E-BBF1-535B6DC6C971.jpeg,publisher,info,Publisher not extracted,
full-punjabi-geeta.pdf,publisher,info,Publisher not extracted,
Bhagavad-gita Bengali.pdf,author,warning,Author not extracted,
Bhagavad-gita Bengali.pdf,publisher,info,Publisher not extracted,
Bhaktmal.pdf,title,warning,Title is empty or same as filename,Bhaktmal.pdf
Bhaktmal.pdf,author,warning,Author not extracted,
Bhaktmal.pdf,publisher,info,Publisher not extracted,
श्रीभक्तमाल.pdf,author,warning,Author not extracted,
श्रीभक्तमाल.pdf,publisher,info,Publisher not extracted,
Bhavishya malika book.pdf,publisher,info,Publisher not extracted,
Bhavishya-Malika-in-Hindi.pdf,author,warning,Author not extracted,
Bhavishya-Malika-in-Hindi.pdf,publisher,info,Publisher not extracted,
instapdf.in-bhavishya-malika-book-691.pdf,author,warning,Author not extracted,
instapdf.in-bhavishya-malika-book-691.pdf,publisher,info,Publisher not extracted,
भविष्य मालिका putin.pdf,publisher,info,Publisher not extracted,
Brahmacharya Ki Shakti by Swami Rama Tirtha.pdf,publisher,info,Publisher not extracted,
D48AE4C9-6BBA-409E-BBF1-535B6DC6C971.jpeg,author,warning,Author not extracted,
D48AE4C9-6BBA-409E-BBF1-535B6DC6C971.jpeg,publisher,info,Publisher not extracted,
brihaspatisutrao00brharich.pdf,publisher,info,Publisher not extracted,
D48AE4C9-6BBA-409E-BBF1-535B6DC6C971.jpeg,author,warning,Author not extracted,
D48AE4C9-6BBA-409E-BBF1-535B6DC6C971.jpeg,publisher,info,Publisher not extracted,
bhrigu-samhita-hindi1.pdf,publisher,info,Publisher not extracted,
Copy of _सत्यवादी_राजा_हरिश्चंद्र_की_कथा.pdf,author,warning,Author not extracted,
Copy of _सत्यवादी_राजा_हरिश्चंद्र_की_कथा.pdf,publisher,info,Publisher not extracted,
Copy of आर्यभट्ट ( Hindi ).pdf,publisher,info,Publisher not extracted,
Copy of आर्यभट्ट.pdf,author,warning,Author not extracted,
Copy of आर्यभट्ट.pdf,publisher,info,Publisher not extracted,
Copy of एकलव्य.pdf,author,warning,Author not extracted,
Copy of एकलव्य.pdf,publisher,info,Publisher not extracted,
Copy of कार्तिकेय.pdf,author,warning,Author not extracted,
Copy of कार्तिकेय.pdf,publisher,info,Publisher not extracted,
Copy of छत्रपति शिवाजी ( Hindi ).pdf,publisher,info,Publisher not extracted,
Copy of छत्रपति शिवाजी.pdf,author,warning,Author not extracted,
Copy of छत्रपति शिवाजी.pdf,publisher,info,Publisher not extracted,
Copy of जगद्गुरु शंकराचार्य.pdf,author,warning,Author not extracted,
Copy of जगद्गुरु शंकराचार्य.pdf,publisher,info,Publisher not extracted,
Copy of जीजाबाई.pdf,author,warning,Author not extracted,
Copy of जीजाबाई.pdf,publisher,info,Publisher not extracted,
Copy of डॉ. हेडगेवार.pdf,author,warning,Author not extracted,
Copy of डॉ. हेडगेवार.pdf,publisher,info,Publisher not extracted,
Copy of नेताजी सुभाषचंद्र बोस.pdf,author,warning,Author not extracted,
Copy of नेताजी सुभाषचंद्र बोस.pdf,publisher,info,Publisher not extracted,
Copy of पंडित_दीनदयाल_उपाध्याय.pdf,author,warning,Author not extracted,
Copy of पंडित_दीनदयाल_उपाध्याय.pdf,publisher,info,Publisher not extracted,
Copy of भक्त प्रहलाद.pdf,author,warning,Author not extracted,
Copy of भक्त प्रहलाद.pdf,publisher,info,Publisher not extracted,
Copy of भगत सिंह.pdf,author,warning,Author not extracted,
Copy of भगत सिंह.pdf,publisher,info,Publisher not extracted,
Copy of भगीरथ.pdf,author,warning,Author not extracted,
Copy of भगीरथ.pdf,publisher,info,Publisher not extracted,
Copy of भास्कराचार्य ( Hindi ).pdf,publisher,info,Publisher not extracted,
Copy of महर्षि अगस्त्य.pdf,author,warning,Author not extracted,
Copy of महर्षि अगस्त्य.pdf,publisher,info,Publisher not extracted,
Copy of महर्षि वाल्मिकी.pdf,author,warning,Author not extracted,
Copy of महर्षि वाल्मिकी.pdf,publisher,info,Publisher not extracted,
Copy of महर्षि विश्वामित्र.pdf,author,warning,Author not extracted,
Copy of महर्षि विश्वामित्र.pdf,publisher,info,Publisher not extracted,
Copy of महर्षि वेदव्यास.pdf,author,warning,Author not extracted,
Copy of महर्षि वेदव्यास.pdf,publisher,info,Publisher not extracted,
Copy of महात्मा विदुर.pdf,publisher,info,Publisher not extracted,
Copy of महाराणा प्रताप ( Hindi ).pdf,publisher,info,Publisher not extracted,
Copy of महाराणा प्रताप.pdf,author,warning,Author not extracted,
Copy of महाराणा प्रताप.pdf,publisher,info,Publisher not extracted,
Copy of महाराणा_प्रताप_भारत_का_विर_योद्धा.pdf,publisher,info,Publisher not extracted,
Copy of महासती द्रोपदी.pdf,author,warning,Author not extracted,
Copy of महासती द्रोपदी.pdf,publisher,info,Publisher not extracted,
Copy of मीरा बाई का जीवन.pdf,publisher,info,Publisher not extracted,
Copy of मीराबाई.pdf,author,warning,Author not extracted,
Copy of मीराबाई.pdf,publisher,info,Publisher not extracted,
Copy of मोक्षदायिनी गंगा.pdf,publisher,info,Publisher not extracted,
Copy of योगी_कथामृत_परमहंस_योगानंद.pdf,publisher,info,Publisher not extracted,
Copy of राजा राम मोहनराय.pdf,author,warning,Author not extracted,
Copy of राजा राम मोहनराय.pdf,publisher,info,Publisher not extracted,
Copy of रानी लक्ष्मीबाई.pdf,author,warning,Author not extracted,
Copy of रानी लक्ष्मीबाई.pdf,publisher,info,Publisher not extracted,
Copy of लव-कुश की वीरता.pdf,publisher,info,Publisher not extracted,
Copy of वीर अभिमन्यु.pdf,author,warning,Author not extracted,
Copy of वीर अभिमन्यु.pdf,publisher,info,Publisher not extracted,
Copy of वीर सावरकर.pdf,author,warning,Author not extracted,
Copy of वीर सावरकर.pdf,publisher,info,Publisher not extracted,
Copy of श्री कृष्ण.pdf,author,warning,Author not extracted,
Copy of श्री कृष्ण.pdf,publisher,info,Publisher not extracted,
Copy of श्री राम.pdf,author,warning,Author not extracted,
Copy of श्री राम.pdf,publisher,info,Publisher not extracted,
Copy of सती अनुसुइया की कहानी.pdf,author,warning,Author not extracted,
Copy of सती अनुसुइया की कहानी.pdf,publisher,info,Publisher not extracted,
Copy of सती सावित्री.pdf,author,warning,Author not extracted,
Copy of सती सावित्री.pdf,publisher,info,Publisher not extracted,
Copy of स्वामी विवेकानंद ( Hindi ).pdf,publisher,info,Publisher not extracted,
D48AE4C9-6BBA-409E-BBF1-535B6DC6C971.jpeg,author,warning,Author not extracted,
D48AE4C9-6BBA-409E-BBF1-535B6DC6C971.jpeg,publisher,info,Publisher not extracted,
Karna Ki Atmakatha (Hindi) (MANU SHARMA) (Z-Library).pdf,publisher,info,Publisher not extracted,
_सत्यवादी_राजा_हरिश्चंद्र_की_कथा.pdf,author,warning,Author not extracted,
_सत्यवादी_राजा_हरिश्चंद्र_की_कथा.pdf,publisher,info,Publisher not extracted,
आर्यभट्ट ( Hindi ).pdf,publisher,info,Publisher not extracted,
आर्यभट्ट.pdf,author,warning,Author not extracted,
आर्यभट्ट.pdf,publisher,info,Publisher not extracted,
एकलव्य.pdf,author,warning,Author not extracted,
एकलव्य.pdf,publisher,info,Publisher not extracted,
कार्तिकेय.pdf,author,warning,Author not extracted,
कार्तिकेय.pdf,publisher,info,Publisher not extracted,
छत्रपति शिवाजी ( Hindi ).pdf,publisher,info,Publisher not extracted,
छत्रपति शिवाजी.pdf,author,warning,Author not extracted,
छत्रपति शिवाजी.pdf,publisher,info,Publisher not extracted,
जगद्गुरु शंकराचार्य.pdf,author,warning,Author not extracted,
जगद्गुरु शंकराचार्य.pdf,publisher,info,Publisher not extracted,
जीजाबाई.pdf,author,warning,Author not extracted,
जीजाबाई.pdf,publisher,info,Publisher not extracted,
डॉ. हेडगेवार.pdf,author,warning,Author not extracted,
डॉ. हेडगेवार.pdf,publisher,info,Publisher not extracted,
नेताजी सुभाषचंद्र बोस.pdf,author,warning,Author not extracted,
नेताजी सुभाषचंद्र बोस.pdf,publisher,info,Publisher not extracted,
पंडित_दीनदयाल_उपाध्याय.pdf,author,warning,Author not extracted,
पंडित_दीनदयाल_उपाध्याय.pdf,publisher,info,Publisher not extracted,
भक्त प्रहलाद.pdf,author,warning,Author not extracted,
भक्त प्रहलाद.pdf,publisher,info,Publisher not extracted,
भगत सिंह.pdf,author,warning,Author not extracted,
भगत सिंह.pdf,publisher,info,Publisher not extracted,
भगीरथ.pdf,author,warning,Author not extracted,
भगीरथ.pdf,publisher,info,Publisher not extracted,
भास्कराचार्य ( Hindi ).pdf,publisher,info,Publisher not extracted,
महर्षि अगस्त्य.pdf,author,warning,Author not extracted,
महर्षि अगस्त्य.pdf,publisher,info,Publisher not extracted,
महर्षि वाल्मिकी.pdf,author,warning,Author not extracted,
महर्षि वाल्मिकी.pdf,publisher,info,Publisher not extracted,
महर्षि विश्वामित्र.pdf,author,warning,Author not extracted,
महर्षि विश्वामित्र.pdf,publisher,info,Publisher not extracted,
महर्षि वेदव्यास.pdf,author,warning,Author not extracted,
महर्षि वेदव्यास.pdf,publisher,info,Publisher not extracted,
महात्मा विदुर.pdf,publisher,info,Publisher not extracted,
महाराणा प्रताप ( Hindi ).pdf,publisher,info,Publisher not extracted,
महाराणा प्रताप.pdf,author,warning,Author not extracted,
महाराणा प्रताप.pdf,publisher,info,Publisher not extracted,
महाराणा_प्रताप_भारत_का_विर_योद्धा.pdf,publisher,info,Publisher not extracted,
महासती द्रोपदी.pdf,author,warning,Author not extracted,
महासती द्रोपदी.pdf,publisher,info,Publisher not extracted,
मीरा बाई का जीवन.pdf,publisher,info,Publisher not extracted,
मीराबाई.pdf,author,warning,Author not extracted,
मीराबाई.pdf,publisher,info,Publisher not extracted,
मोक्षदायिनी गंगा.pdf,publisher,info,Publisher not extracted,
योगी_कथामृत_परमहंस_योगानंद.pdf,publisher,info,Publisher not extracted,
राजा राम मोहनराय.pdf,author,warning,Author not extracted,
राजा राम मोहनराय.pdf,publisher,info,Publisher not extracted,
रानी लक्ष्मीबाई.pdf,author,warning,Author not extracted,
रानी लक्ष्मीबाई.pdf,publisher,info,Publisher not extracted,
लव-कुश की वीरता.pdf,publisher,info,Publisher not extracted,
वीर अभिमन्यु.pdf,author,warning,Author not extracted,
वीर अभिमन्यु.pdf,publisher,info,Publisher not extracted,
वीर सावरकर.pdf,author,warning,Author not extracted,
वीर सावरकर.pdf,publisher,info,Publisher not extracted,
श्री कृष्ण.pdf,author,warning,Author not extracted,
श्री कृष्ण.pdf,publisher,info,Publisher not extracted,
श्री राम.pdf,author,warning,Author not extracted,
श्री राम.pdf,publisher,info,Publisher not extracted,
सती अनुसुइया की कहानी.pdf,author,warning,Author not extracted,
सती अनुसुइया की कहानी.pdf,publisher,info,Publisher not extracted,
सती सावित्री.pdf,author,warning,Author not extracted,
सती सावित्री.pdf,publisher,info,Publisher not extracted,
स्वामी विवेकानंद ( Hindi ).pdf,publisher,info,Publisher not extracted,
Brahma-Sphuta-Siddhanta_VOL_I.pdf,author,warning,Author not extracted,
Brahma-Sphuta-Siddhanta_VOL_I.pdf,publisher,info,Publisher not extracted,
Brahma-Sphuta-Siddhanta_VOL_II.pdf,author,warning,Author not extracted,
Brahma-Sphuta-Siddhanta_VOL_II.pdf,publisher,info,Publisher not extracted,
Brahma-Sphuta-Siddhanta_VOL_III.pdf,author,warning,Author not extracted,
Brahma-Sphuta-Siddhanta_VOL_III.pdf,publisher,info,Publisher not extracted,
Brahma-Sphuta-Siddhanta_VOL_IV.pdf,author,warning,Author not extracted,
Brahma-Sphuta-Siddhanta_VOL_IV.pdf,publisher,info,Publisher not extracted,
D48AE4C9-6BBA-409E-BBF1-535B6DC6C971.jpeg,author,warning,Author not extracted,
D48AE4C9-6BBA-409E-BBF1-535B6DC6C971.jpeg,publisher,info,Publisher not extracted,
Brahma Sutras - According to Sri Sankara by Swami Vireswarananda [Sanskrit-English].pdf,publisher,info,Publisher not extracted,
gita-press-vedant-darshan-brahmasutra-sanskrit-hindi.pdf,publisher,info,Publisher not extracted,
Chakras.pdf,author,warning,Author not extracted,
Chakras.pdf,publisher,info,Publisher not extracted,
D48AE4C9-6BBA-409E-BBF1-535B6DC6C971.jpeg,author,warning,Author not extracted,
D48AE4C9-6BBA-409E-BBF1-535B6DC6C971.jpeg,publisher,info,Publisher not extracted,
chakra-mahavijnan.pdf,publisher,info,Publisher not extracted,
Bajrang Baan.pdf,publisher,info,Publisher not extracted,
D48AE4C9-6BBA-409E-BBF1-535B6DC6C971.jpeg,author,warning,Author not extracted,
D48AE4C9-6BBA-409E-BBF1-535B6DC6C971.jpeg,publisher,info,Publisher not extracted,
Durga Chalisa.pdf,publisher,info,Publisher not extracted,
Ganesh Chalisa.pdf,publisher,info,Publisher not extracted,
Gayatri Chalisa.pdf,publisher,info,Publisher not extracted,
Hanuman Chalisa.pdf,publisher,info,Publisher not extracted,
Navgraha Chalisa.pdf,publisher,info,Publisher not extracted,
Santoshi Maa Chalisa.pdf,publisher,info,Publisher not extracted,
Sarasvati Chalisa.pdf,publisher,info,Publisher not extracted,
Shiv Chalisa.pdf,publisher,info,Publisher not extracted,
Sri Gajendra Moksha.pdf,publisher,info,Publisher not extracted,
Sri Krishna Chalisa.pdf,publisher,info,Publisher not extracted,
Sri Laxmi Chalisa.pdf,publisher,info,Publisher not extracted,
Sri Shani Dev Chalisa.pdf,publisher,info,Publisher not extracted,
Swar vigyan.pdf,publisher,info,Publisher not extracted,
hanumanchalisa_Marwadi_Sanskrit.pdf,author,warning,Author not extracted,
hanumanchalisa_Marwadi_Sanskrit.pdf,publisher,info,Publisher not extracted,
Chanakya Niti Darpan.pdf,author,warning,Author not extracted,
Chanakya Niti Darpan.pdf,publisher,info,Publisher not extracted,
D48AE4C9-6BBA-409E-BBF1-535B6DC6C971.jpeg,author,warning,Author not extracted,
D48AE4C9-6BBA-409E-BBF1-535B6DC6C971.jpeg,publisher,info,Publisher not extracted,
3374.pdf,author,warning,Author not extracted,
3374.pdf,publisher,info,Publisher not extracted,
8_Hindi Bhasha evm Devnaga.pdf,publisher,info,Publisher not extracted,
Deskbook on Orthography of Devanagari Script (2)_compressed.pdf,author,warning,Author not extracted,
Deskbook on Orthography of Devanagari Script (2)_compressed.pdf,publisher,info,Publisher not extracted,
devanagari-lipi.pdf,publisher,info,Publisher not extracted,
ebharati-pdf-1674278317DhanurvedaSamhita-Sam-1958.pdf,publisher,info,Publisher not extracted,
durga-saptashati-hindi.pdf,author,warning,Author not extracted,
durga-saptashati-hindi.pdf,publisher,info,Publisher not extracted,
D48AE4C9-6BBA-409E-BBF1-535B6DC6C971.jpeg,author,warning,Author not extracted,
D48AE4C9-6BBA-409E-BBF1-535B6DC6C971.jpeg,publisher,info,Publisher not extracted,
_कर्ण_से_जुडी_कुछ_रोचक_बातें_.pdf,author,warning,Author not extracted,
_कर्ण_से_जुडी_कुछ_रोचक_बातें_.pdf,publisher,info,Publisher not extracted,
instapdf.in-karva-chauth-vrat-katha-299.pdf,publisher,info,Publisher not extracted,
क्यों_है_ब्रह्मा_जी_का_पुरे_भारत.pdf,author,warning,Author not extracted,
क्यों_है_ब्रह्मा_जी_का_पुरे_भारत.pdf,publisher,info,Publisher not extracted,
पंचतंत्र_की_लोकप्रिय_कहानियां.pdf,publisher,info,Publisher not extracted,
महाभारत For Students.pdf,author,warning,Author not extracted,
महाभारत For Students.pdf,publisher,info,Publisher not extracted,
महाभारत_में_वर्णित_ये_35_नगर_आज.pdf,author,warning,Author not extracted,
महाभारत_में_वर्णित_ये_35_नगर_आज.pdf,publisher,info,Publisher not extracted,
रामायण For Students.pdf,author,warning,Author not extracted,
रामायण For Students.pdf,publisher,info,Publisher not extracted,
रामायण_काल_के_अस्तित्व_के_सबूत.pdf,publisher,info,Publisher not extracted,
रामायण_की_प्रत्येक_घटना_बिलकुल_सच.pdf,publisher,info,Publisher not extracted,
विक्रम और बेताल.pdf,publisher,info,Publisher not extracted,
श्री कृष्ण लीला दर्शन.pdf,publisher,info,Publisher not extracted,
श्री_विष्णु_सहस्र_नाम_स्तोत्रम्.pdf,publisher,info,Publisher not extracted,
समुद्र_मंथन_से_निकले_थे_ये_14_रत्न.pdf,author,warning,Author not extracted,
समुद्र_मंथन_से_निकले_थे_ये_14_रत्न.pdf,publisher,info,Publisher not extracted,
सम्पूर्ण चाणक्य नीति.pdf,publisher,info,Publisher not extracted,
स्वामी_विवेकानंद_मन_की_शक्तियां.pdf,publisher,info,Publisher not extracted,
006_Arun_Sanhita_Lal_Kitab_Hare_Krishna_Trashta.pdf,author,warning,Author not extracted,
006_Arun_Sanhita_Lal_Kitab_Hare_Krishna_Trashta.pdf,publisher,info,Publisher not extracted,
ArthurAvalonKularnavaTantraEng.pdf,author,warning,Author not extracted,
ArthurAvalonKularnavaTantraEng.pdf,publisher,info,Publisher not extracted,
Ashtadhyayi_Padanukram_Kosh_016112_std.pdf,author,warning,Author not extracted,
Ashtadhyayi_Padanukram_Kosh_016112_std.pdf,publisher,info,Publisher not extracted,
BhaiBaleWaliJanamSakhi.pdf,author,warning,Author not extracted,
BhaiBaleWaliJanamSakhi.pdf,publisher,info,Publisher not extracted,
BhaiBaleWaliJanamSakhiPunjabi.pdf,author,warning,Author not extracted,
BhaiBaleWaliJanamSakhiPunjabi.pdf,publisher,info,Publisher not extracted,
CHAKRAS-ENERGY-VORTEXES-BOOK-1.pdf,publisher,info,Publisher not extracted,
Caitanya-caritamrita_Adi_Lila (1).pdf,author,warning,Author not extracted,
Caitanya-caritamrita_Adi_Lila (1).pdf,publisher,info,Publisher not extracted,
Caitanya-caritamrita_Antya_Lila.pdf,author,warning,Author not extracted,
Caitanya-caritamrita_Antya_Lila.pdf,publisher,info,Publisher not extracted,
Caitanya-caritamrita_Madhya_Lila.pdf,author,warning,Author not extracted,
Caitanya-caritamrita_Madhya_Lila.pdf,publisher,info,Publisher not extracted,
Chakraca.pdf,author,warning,Author not extracted,
Chakraca.pdf,publisher,info,Publisher not extracted,
"Concepts of Space, Time, and Consciousness in Ancient India.pdf",author,warning,Author not extracted,
"Concepts of Space, Time, and Consciousness in Ancient India.pdf",publisher,info,Publisher not extracted,
D48AE4C9-6BBA-409E-BBF1-535B6DC6C971.jpeg,author,warning,Author not extracted,
D48AE4C9-6BBA-409E-BBF1-535B6DC6C971.jpeg,publisher,info,Publisher not extracted,
Divya_prerna_prakash.pdf,publisher,info,Publisher not extracted,
"GEET SANSKRIT,GUJ Hindi &amp; ENG.pdf",publisher,info,Publisher not extracted,
"GOPI GEET SANSKRIT,GUJ Hindi &amp; ENG.pdf",publisher,info,Publisher not extracted,
Gayatri Worship.pdf,publisher,info,Publisher not extracted,
Gheranda Samhita.pdf,publisher,info,Publisher not extracted,
Gheranda Samhita_sanskrit_Eng.pdf,author,warning,Author not extracted,
Gheranda Samhita_sanskrit_Eng.pdf,publisher,info,Publisher not extracted,
Gita-Sadhale.pdf,author,warning,Author not extracted,
Gita-Sadhale.pdf,publisher,info,Publisher not extracted,
Harivamsha-Purana-Gitapress.pdf,author,warning,Author not extracted,
Harivamsha-Purana-Gitapress.pdf,publisher,info,Publisher not extracted,
Hindi Book-Devi Bhagvat Puran.pdf,publisher,info,Publisher not extracted,
HindiBook-shiva-samhita.pdf,publisher,info,Publisher not extracted,
Introduction-to-Vedanta-by-Swami-Dayananda.pdf,publisher,info,Publisher not extracted,
Karmvipak samhita.pdf,author,warning,Author not extracted,
Karmvipak samhita.pdf,publisher,info,Publisher not extracted,
Kundalini-the-evolutionary-energy-in-man-by-Gopi-Krishna.pdf,publisher,info,Publisher not extracted,
Laghu-yoga-vasishta-English.pdf,author,warning,Author not extracted,
Laghu-yoga-vasishta-English.pdf,publisher,info,Publisher not extracted,
Manglacharana.pdf,publisher,info,Publisher not extracted,
Mantreswara_s__Phaladeeplka.pdf,publisher,info,Publisher not extracted,
Narad_Bhakti_Shandilya_1p65.pdf,publisher,info,Publisher not extracted,
Nataraaja Ashtotharam01.pdf,publisher,info,Publisher not extracted,
Nitnem in Devanagari_hindi_english.pdf,publisher,info,Publisher not extracted,
Om_chant_Effect_on_Nervous_system.pdf,publisher,info,Publisher not extracted,
Power of Mantra.pdf,author,warning,Author not extracted,
Power of Mantra.pdf,publisher,info,Publisher not extracted,
Prasad.pdf,publisher,info,Publisher not extracted,
Raghav anulom vilom.pdf,publisher,info,Publisher not extracted,
Raghav-yadviyam.pdf,publisher,info,Publisher not extracted,
RekhaganitaVOL_II_DLI.pdf,author,warning,Author not extracted,
RekhaganitaVOL_II_DLI.pdf,publisher,info,Publisher not extracted,
RylbMXI2Ts6mwdUmAVTV_सिकंदर.pdf,publisher,info,Publisher not extracted,
Sandhyaa Rahasya  Pt chamupati.pdf,publisher,info,Publisher not extracted,
Satyarthaprakasa.pdf,author,warning,Author not extracted,
Satyarthaprakasa.pdf,publisher,info,Publisher not extracted,
Science_and_Astronomy_IJTK 13(4) 716-724.pdf,publisher,info,Publisher not extracted,
ShivaSahinta_WithHindiTika.pdf,author,warning,Author not extracted,
ShivaSahinta_WithHindiTika.pdf,publisher,info,Publisher not extracted,
Shiva_Sahinta_WithHindiTika.pdf,author,warning,Author not extracted,
Shiva_Sahinta_WithHindiTika.pdf,publisher,info,Publisher not extracted,
Solar_Eclipse_Om.pdf,publisher,info,Publisher not extracted,
Spectral_Analysis_Om.pdf,publisher,info,Publisher not extracted,
Sri Vishnu sahasranaam satrotam.pdf,publisher,info,Publisher not extracted,
Sri_Vishnu_sahasranaam_satrotam_sanskrit.pdf,publisher,info,Publisher not extracted,
Thompson_Richard_L._(aka_Sadaputa_dasa)_-_Vedic_Cosmography_and_Astronomy.pdf,publisher,info,Publisher not extracted,
Time_Frequency_Analysis_Om.pdf,publisher,info,Publisher not extracted,
Tukaramgatha_hindi.pdf,author,warning,Author not extracted,
Tukaramgatha_hindi.pdf,publisher,info,Publisher not extracted,
Vastu-for-House-eBook.pdf,publisher,info,Publisher not extracted,
Vrddhayavanjataka of Minaraja 1.pdf,author,warning,Author not extracted,
Vrddhayavanjataka of Minaraja 1.pdf,publisher,info,Publisher not extracted,
Vrddhayavanjataka of Minaraja 2 (2).pdf,author,warning,Author not extracted,
Vrddhayavanjataka of Minaraja 2 (2).pdf,publisher,info,Publisher not extracted,
Yoga-rasayanam-sanskrit-hindi.pdf,publisher,info,Publisher not extracted,
Yogi Kathamrita.pdf,author,warning,Author not extracted,
Yogi Kathamrita.pdf,publisher,info,Publisher not extracted,
anandramayan.pdf,publisher,info,Publisher not extracted,
aryabhata_with_english_commentary.pdf,publisher,info,Publisher not extracted,
bhavanbhaskar-vastu-shastra (1).pdf,author,warning,Author not extracted,
bhavanbhaskar-vastu-shastra (1).pdf,publisher,info,Publisher not extracted,
bhavanbhaskar-vastu-shastra.pdf,author,warning,Author not extracted,
bhavanbhaskar-vastu-shastra.pdf,publisher,info,Publisher not extracted,
bhrigu-samhita-hindi1.pdf,publisher,info,Publisher not extracted,
bijak_kabir-_saheb.pdf,author,warning,Author not extracted,
bijak_kabir-_saheb.pdf,publisher,info,Publisher not extracted,
bmcjyY4xSXasjO68ISeW_अथर्ववेद.pdf,publisher,info,Publisher not extracted,
bramsutr.pdf,author,warning,Author not extracted,
bramsutr.pdf,publisher,info,Publisher not extracted,
bramsutrSanskrit.pdf,author,warning,Author not extracted,
bramsutrSanskrit.pdf,publisher,info,Publisher not extracted,
brihat_parashara_hora_shastra_english_V.pdf,publisher,info,Publisher not extracted,
caitanya mahaprabhu ki siksa (hindi) 4th ed.pdf,publisher,info,Publisher not extracted,
chanakyasutrani-skt-text-with-hindi-commentary-1946.pdf,author,warning,Author not extracted,
chanakyasutrani-skt-text-with-hindi-commentary-1946.pdf,publisher,info,Publisher not extracted,
charaksamhitaatridevajigupt-vol-1.pdf,author,warning,Author not extracted,
charaksamhitaatridevajigupt-vol-1.pdf,publisher,info,Publisher not extracted,
charaksamhitaatridevajigupt-vol-2.pdf,author,warning,Author not extracted,
charaksamhitaatridevajigupt-vol-2.pdf,publisher,info,Publisher not extracted,
dasamgranth_all.pdf,author,warning,Author not extracted,
dasamgranth_all.pdf,publisher,info,Publisher not extracted,
durga-saptashati-hindi.pdf,author,warning,Author not extracted,
durga-saptashati-hindi.pdf,publisher,info,Publisher not extracted,
freq analysisi of OM.pdf,publisher,info,Publisher not extracted,
from Vedic Science to Vedant.pdf,author,warning,Author not extracted,
from Vedic Science to Vedant.pdf,publisher,info,Publisher not extracted,
gita-press-vedant-darshan-brahmasutra-sanskrit-hindi.pdf,publisher,info,Publisher not extracted,
harinama-mahamantra 10th ed (hindi)-1-.pdf,author,warning,Author not extracted,
harinama-mahamantra 10th ed (hindi)-1-.pdf,publisher,info,Publisher not extracted,
kashyapa01sutra.pdf,publisher,info,Publisher not extracted,
mantra-vigyan.pdf,author,warning,Author not extracted,
mantra-vigyan.pdf,publisher,info,Publisher not extracted,
narayan-kwach.pdf,publisher,info,Publisher not extracted,
nayanar.pdf,publisher,info,Publisher not extracted,
om1.pdf,publisher,info,Publisher not extracted,
panchatantrasanskrithindi-jpmishra1910.pdf,author,warning,Author not extracted,
panchatantrasanskrithindi-jpmishra1910.pdf,publisher,info,Publisher not extracted,
research-report-on-puran (2).pdf,publisher,info,Publisher not extracted,
sabdakalpadrumah - 04.pdf,publisher,info,Publisher not extracted,
sabdakalpadrumah - 05 (1).pdf,publisher,info,Publisher not extracted,
sby-a-research-study.pdf,publisher,info,Publisher not extracted,
selected Mantras_English.pdf,author,warning,Author not extracted,
selected Mantras_English.pdf,publisher,info,Publisher not extracted,
shiv thadav stotram.pdf,publisher,info,Publisher not extracted,
shiva-swarodaya-sanskrit-hindi.pdf,author,warning,Author not extracted,
shiva-swarodaya-sanskrit-hindi.pdf,publisher,info,Publisher not extracted,
super brainYoga_Research-English.pdf,publisher,info,Publisher not extracted,
suryaSiddhantaEnglish.pdf,author,warning,Author not extracted,
suryaSiddhantaEnglish.pdf,publisher,info,Publisher not extracted,
vachanamrut_001.pdf,publisher,info,Publisher not extracted,
vedant-darshan-brahmasutra-sanskrit-hindi.pdf,publisher,info,Publisher not extracted,
vivakchudamani.pdf,author,warning,Author not extracted,
vivakchudamani.pdf,publisher,info,Publisher not extracted,
vraja-mandala parikrama 2ed (hindi).pdf,publisher,info,Publisher not extracted,
001-Garg-Sanhita.pdf,publisher,info,Publisher not extracted,
D48AE4C9-6BBA-409E-BBF1-535B6DC6C971.jpeg,author,warning,Author not extracted,
D48AE4C9-6BBA-409E-BBF1-535B6DC6C971.jpeg,publisher,info,Publisher not extracted,
Srimad-Bhagavad-Gita-in-Gujarati.pdf,author,warning,Author not extracted,
Srimad-Bhagavad-Gita-in-Gujarati.pdf,publisher,info,Publisher not extracted,
Yatharth gita Gujrati .pdf,publisher,info,Publisher not extracted,
D48AE4C9-6BBA-409E-BBF1-535B6DC6C971.jpeg,author,warning,Author not extracted,
D48AE4C9-6BBA-409E-BBF1-535B6DC6C971.jpeg,publisher,info,Publisher not extracted,
GuruGita.pdf,author,warning,Author not extracted,
GuruGita.pdf,publisher,info,Publisher not extracted,
-sankat-mochan-hanuman-ashtak-304 2.pdf,publisher,info,Publisher not extracted,
Sankat Mochan Hanuman Ashtak  2.pdf,publisher,info,Publisher not extracted,
hanuman-bahuk-gitapress.pdf,author,warning,Author not extracted,
hanuman-bahuk-gitapress.pdf,publisher,info,Publisher not extracted,
WG989-1988 -Hanumad Rahasyam.pdf,author,warning,Author not extracted,
WG989-1988 -Hanumad Rahasyam.pdf,publisher,info,Publisher not extracted,
हस्तरेखा विज्ञान और पंचांगुली साधना.pdf,author,warning,Author not extracted,
हस्तरेखा विज्ञान और पंचांगुली साधना.pdf,publisher,info,Publisher not extracted,
D48AE4C9-6BBA-409E-BBF1-535B6DC6C971.jpeg,author,warning,Author not extracted,
D48AE4C9-6BBA-409E-BBF1-535B6DC6C971.jpeg,publisher,info,Publisher not extracted,
Hinduo Ke Riti Riwaj Tatha Manyatayein (Hindi).pdf,author,warning,Author not extracted,
Hinduo Ke Riti Riwaj Tatha Manyatayein (Hindi).pdf,publisher,info,Publisher not extracted,
हिन्दुत्व_विभिन्न_पहलू_सरलता_से.pdf,publisher,info,Publisher not extracted,
हिन्दू धर्म.pdf,author,warning,Author not extracted,
हिन्दू धर्म.pdf,publisher,info,Publisher not extracted,
हिन्दू_धर्म_हमारा_जन्मप्राप्त_धर्म.pdf,publisher,info,Publisher not extracted,
maa-kamakhya-mantra-sadhana.pdf,publisher,info,Publisher not extracted,
D48AE4C9-6BBA-409E-BBF1-535B6DC6C971.jpeg,author,warning,Author not extracted,
D48AE4C9-6BBA-409E-BBF1-535B6DC6C971.jpeg,publisher,info,Publisher not extracted,
Kamasutra of Vatsyayan with Hindi Trans. by Ramanand Sharma Series No. 4 - Bitthal Das Sanskrit Series.pdf,author,warning,Author not extracted,
Kamasutra of Vatsyayan with Hindi Trans. by Ramanand Sharma Series No. 4 - Bitthal Das Sanskrit Series.pdf,publisher,info,Publisher not extracted,
TheKamaSutraofVatsyayana_11359535.pdf,publisher,info,Publisher not extracted,
instapdf.in-kamasutra-132.pdf,author,warning,Author not extracted,
instapdf.in-kamasutra-132.pdf,publisher,info,Publisher not extracted,
kamasutraofvatsy00vatsuoft.pdf,publisher,info,Publisher not extracted,
D48AE4C9-6BBA-409E-BBF1-535B6DC6C971.jpeg,author,warning,Author not extracted,
D48AE4C9-6BBA-409E-BBF1-535B6DC6C971.jpeg,publisher,info,Publisher not extracted,
Kundalini Yog - Dr. Rakesh Giri.pdf,author,warning,Author not extracted,
Kundalini Yog - Dr. Rakesh Giri.pdf,publisher,info,Publisher not extracted,
Kundalini eng.pdf,author,warning,Author not extracted,
Kundalini eng.pdf,publisher,info,Publisher not extracted,
"कुंडलिनी जागरण एक अद्भुत यात्रा (Hindi Edition) (Sharma, Rahul [Sharma, Rahul]) (Z-Library).pdf",author,warning,Author not extracted,
"कुंडलिनी जागरण एक अद्भुत यात्रा (Hindi Edition) (Sharma, Rahul [Sharma, Rahul]) (Z-Library).pdf",publisher,info,Publisher not extracted,
D48AE4C9-6BBA-409E-BBF1-535B6DC6C971.jpeg,author,warning,Author not extracted,
D48AE4C9-6BBA-409E-BBF1-535B6DC6C971.jpeg,publisher,info,Publisher not extracted,
Mahabharata-VOL-1.pdf,publisher,info,Publisher not extracted,
Mahabharata-VOL-10.pdf,publisher,info,Publisher not extracted,
Mahabharata-VOL-11.pdf,publisher,info,Publisher not extracted,
Mahabharata-VOL-2.pdf,publisher,info,Publisher not extracted,
Mahabharata-VOL-3.pdf,publisher,info,Publisher not extracted,
Mahabharata-VOL-4.pdf,publisher,info,Publisher not extracted,
Mahabharata-VOL-5.pdf,publisher,info,Publisher not extracted,
Mahabharata-VOL-6.pdf,publisher,info,Publisher not extracted,
Mahabharata-VOL-7.pdf,publisher,info,Publisher not extracted,
Mahabharata-VOL-8.pdf,publisher,info,Publisher not extracted,
Mahabharata-VOL-9.pdf,publisher,info,Publisher not extracted,
Mahabharata-VOL-I2.pdf,publisher,info,Publisher not extracted,
D48AE4C9-6BBA-409E-BBF1-535B6DC6C971.jpeg,author,warning,Author not extracted,
D48AE4C9-6BBA-409E-BBF1-535B6DC6C971.jpeg,publisher,info,Publisher not extracted,
महाभारत (Vol-1 to 12) गोरखपुर प्रेस.pdf,author,warning,Author not extracted,
महाभारत (Vol-1 to 12) गोरखपुर प्रेस.pdf,publisher,info,Publisher not extracted,
DeviMahatmyam_sanskrit_text_with_malayalam_translation.pdf,publisher,info,Publisher not extracted,
Dwadasa_Jyotirlinga_Stotram_Malayalam.pdf,author,warning,Author not extracted,
Dwadasa_Jyotirlinga_Stotram_Malayalam.pdf,publisher,info,Publisher not extracted,
Sivanandalahari.pdf,publisher,info,Publisher not extracted,
SriVishnuSahasranamaStotramNamavali-MalayalamA5.pdf,publisher,info,Publisher not extracted,
SrikrishnaSahasranamam-Malayalam-FromSatwataSamhita.pdf,publisher,info,Publisher not extracted,
Mayamatam.zip,author,warning,Author not extracted,
Mayamatam.zip,publisher,info,Publisher not extracted,
D48AE4C9-6BBA-409E-BBF1-535B6DC6C971.jpeg,author,warning,Author not extracted,
D48AE4C9-6BBA-409E-BBF1-535B6DC6C971.jpeg,publisher,info,Publisher not extracted,
narayan-kwach.pdf,publisher,info,Publisher not extracted,
"Narayaneeyam Bhagavata Condensed Of Meppathur Narayana Bhattatiri Traslated By Swami Tapasyananda - Sri Ramakrishna Math, Madras.pdf",author,warning,Author not extracted,
"Narayaneeyam Bhagavata Condensed Of Meppathur Narayana Bhattatiri Traslated By Swami Tapasyananda - Sri Ramakrishna Math, Madras.pdf",publisher,info,Publisher not extracted,
nity-karm-puja-prakash.pdf,publisher,info,Publisher not extracted,
jagannatha-astakam_odi.pdf,publisher,info,Publisher not extracted,
raghav-yadviyam.pdf,publisher,info,Publisher not extracted,
Paka Darpana of Nala Madhuri Hindi Commentary Indra Deva Tripathi Ed. Vamcharya Bhattacharya Chowkambha............pdf,author,warning,Author not extracted,
Paka Darpana of Nala Madhuri Hindi Commentary Indra Deva Tripathi Ed. Vamcharya Bhattacharya Chowkambha............pdf,publisher,info,Publisher not extracted,
D48AE4C9-6BBA-409E-BBF1-535B6DC6C971.jpeg,author,warning,Author not extracted,
D48AE4C9-6BBA-409E-BBF1-535B6DC6C971.jpeg,publisher,info,Publisher not extracted,
panini_Ashtadhyayi_Book8.pdf,publisher,info,Publisher not extracted,
panini_Ashtadhyayi_book1.pdf,publisher,info,Publisher not extracted,
panini_Ashtadhyayi_book2.pdf,publisher,info,Publisher not extracted,
panini_Ashtadhyayi_book3.pdf,publisher,info,Publisher not extracted,
panini_Ashtadhyayi_book4.pdf,publisher,info,Publisher not extracted,
panini_Ashtadhyayi_book5.pdf,publisher,info,Publisher not extracted,
panini_Ashtadhyayi_book6.pdf,publisher,info,Publisher not extracted,
panini_Ashtadhyayi_book7.pdf,publisher,info,Publisher not extracted,
panini_Kosha_Dictionary of the Sanskrit.pdf,publisher,info,Publisher not extracted,
panini_Mahabhashya_I.pdf,author,warning,Author not extracted,
panini_Mahabhashya_I.pdf,publisher,info,Publisher not extracted,
panini_Mahabhashya_II.pdf,author,warning,Author not extracted,
panini_Mahabhashya_II.pdf,publisher,info,Publisher not extracted,
panini_Mahabhashya_III.pdf,author,warning,Author not extracted,
panini_Mahabhashya_III.pdf,publisher,info,Publisher not extracted,
panini_Mahabhashya_IV.pdf,author,warning,Author not extracted,
panini_Mahabhashya_IV.pdf,publisher,info,Publisher not extracted,
panini_Mahabhashya_V.pdf,author,warning,Author not extracted,
panini_Mahabhashya_V.pdf,publisher,info,Publisher not extracted,
panini_Mahabhashya_VI.pdf,author,warning,Author not extracted,
panini_Mahabhashya_VI.pdf,publisher,info,Publisher not extracted,
panini_TheDhatupathaOfPanini.pdf,publisher,info,Publisher not extracted,
panini_kashika.pdf,author,warning,Author not extracted,
panini_kashika.pdf,publisher,info,Publisher not extracted,
panini_kashika.pdf,page_count,warning,PDF has 0 pages (possibly encrypted or corrupted),
1hFBrGP2e8hyd1wmah5YaWfVE6wQZWevL_210828_120700.pdf,author,warning,Author not extracted,
1hFBrGP2e8hyd1wmah5YaWfVE6wQZWevL_210828_120700.pdf,publisher,info,Publisher not extracted,
5_6334447321257870315.pdf,publisher,info,Publisher not extracted,
Agni_Puran_of_Maharshi_Vyas_Mansukh_Ray_Mor_Guru_Mandal_Granth_Mala.pdf,author,warning,Author not extracted,
Agni_Puran_of_Maharshi_Vyas_Mansukh_Ray_Mor_Guru_Mandal_Granth_Mala.pdf,publisher,info,Publisher not extracted,
D48AE4C9-6BBA-409E-BBF1-535B6DC6C971.jpeg,author,warning,Author not extracted,
D48AE4C9-6BBA-409E-BBF1-535B6DC6C971.jpeg,publisher,info,Publisher not extracted,
Devi Bhagvat Puran.pdf,publisher,info,Publisher not extracted,
Kalika-Puran.pdf,publisher,info,Publisher not extracted,
agni-puran (2).pdf,author,warning,Author not extracted,
agni-puran (2).pdf,publisher,info,Publisher not extracted,
bavishya-puran (1).pdf,author,warning,Author not extracted,
bavishya-puran (1).pdf,publisher,info,Publisher not extracted,
bhagwat-puran (1).pdf,author,warning,Author not extracted,
bhagwat-puran (1).pdf,publisher,info,Publisher not extracted,
brahamand (1).pdf,author,warning,Author not extracted,
brahamand (1).pdf,publisher,info,Publisher not extracted,
brahamandp (1).pdf,author,warning,Author not extracted,
brahamandp (1).pdf,publisher,info,Publisher not extracted,
bramha (1).pdf,author,warning,Author not extracted,
bramha (1).pdf,publisher,info,Publisher not extracted,
garuda1 (1).pdf,author,warning,Author not extracted,
garuda1 (1).pdf,publisher,info,Publisher not extracted,
kalkipuranhindi1.pdf,publisher,info,Publisher not extracted,
kurma (1).pdf,author,warning,Author not extracted,
kurma (1).pdf,publisher,info,Publisher not extracted,
ling (1).pdf,author,warning,Author not extracted,
ling (1).pdf,publisher,info,Publisher not extracted,
markende-puran (1).pdf,author,warning,Author not extracted,
markende-puran (1).pdf,publisher,info,Publisher not extracted,
matsya-puran-1 (1).pdf,author,warning,Author not extracted,
matsya-puran-1 (1).pdf,publisher,info,Publisher not extracted,
matsya-puran-2 (1).pdf,author,warning,Author not extracted,
matsya-puran-2 (1).pdf,publisher,info,Publisher not extracted,
nard-puran (1).pdf,author,warning,Author not extracted,
nard-puran (1).pdf,publisher,info,Publisher not extracted,
padam-puran (1).pdf,author,warning,Author not extracted,
padam-puran (1).pdf,publisher,info,Publisher not extracted,
sakand-puran.pdf,author,warning,Author not extracted,
sakand-puran.pdf,publisher,info,Publisher not extracted,
vaivtpuran (1).pdf,author,warning,Author not extracted,
vaivtpuran (1).pdf,publisher,info,Publisher not extracted,
vamanpuran (1).pdf,author,warning,Author not extracted,
vamanpuran (1).pdf,publisher,info,Publisher not extracted,
varaha-puran (1).pdf,author,warning,Author not extracted,
varaha-puran (1).pdf,publisher,info,Publisher not extracted,
vayu-puran.pdf,publisher,info,Publisher not extracted,
vishnu-puran (1).pdf,author,warning,Author not extracted,
vishnu-puran (1).pdf,publisher,info,Publisher not extracted,
अग्नि पुराण.pdf,author,warning,Author not extracted,
अग्नि पुराण.pdf,publisher,info,Publisher not extracted,
ऋग्वेद.pdf,publisher,info,Publisher not extracted,
कल्की पुराण.pdf,publisher,info,Publisher not extracted,
कूर्म पुराण.pdf,author,warning,Author not extracted,
कूर्म पुराण.pdf,publisher,info,Publisher not extracted,
गरुड पुराण.pdf,author,warning,Author not extracted,
गरुड पुराण.pdf,publisher,info,Publisher not extracted,
नरसिंह पुराण.pdf,author,warning,Author not extracted,
नरसिंह पुराण.pdf,publisher,info,Publisher not extracted,
नारद पुराण.pdf,author,warning,Author not extracted,
नारद पुराण.pdf,publisher,info,Publisher not extracted,
ब्रम्हा पुराण.pdf,author,warning,Author not extracted,
ब्रम्हा पुराण.pdf,publisher,info,Publisher not extracted,
ब्रह्म वैवर्त पुराण.pdf,author,warning,Author not extracted,
ब्रह्म वैवर्त पुराण.pdf,publisher,info,Publisher not extracted,
भविष्य पुराण.pdf,author,warning,Author not extracted,
भविष्य पुराण.pdf,publisher,info,Publisher not extracted,
मत्स्य पुराण 1.pdf,author,warning,Author not extracted,
मत्स्य पुराण 1.pdf,publisher,info,Publisher not extracted,
मत्स्य पुराण 2.pdf,author,warning,Author not extracted,
मत्स्य पुराण 2.pdf,publisher,info,Publisher not extracted,
वराह पुराण.pdf,publisher,info,Publisher not extracted,
वामन पुराण.pdf,author,warning,Author not extracted,
वामन पुराण.pdf,publisher,info,Publisher not extracted,
विष्णु पुराण.pdf,author,warning,Author not extracted,
विष्णु पुराण.pdf,publisher,info,Publisher not extracted,
शिव पुराण (2).pdf,publisher,info,Publisher not extracted,
शिव पुराण.pdf,author,warning,Author not extracted,
शिव पुराण.pdf,publisher,info,Publisher not extracted,
श्री गणेश पुराण.pdf,author,warning,Author not extracted,
श्री गणेश पुराण.pdf,publisher,info,Publisher not extracted,
श्री_मद्भागवत_महापुराण_द्वितीय_खण्ड.pdf,publisher,info,Publisher not extracted,
श्री_मद्भागवत_महापुराण_प्रथम_खण्ड.pdf,publisher,info,Publisher not extracted,
स्कन्द पुराण.pdf,author,warning,Author not extracted,
स्कन्द पुराण.pdf,publisher,info,Publisher not extracted,
3-4-saama-vedamu.pdf,publisher,info,Publisher not extracted,
D48AE4C9-6BBA-409E-BBF1-535B6DC6C971.jpeg,author,warning,Author not extracted,
D48AE4C9-6BBA-409E-BBF1-535B6DC6C971.jpeg,publisher,info,Publisher not extracted,
Linga-Puranam.pdf,publisher,info,Publisher not extracted,
MarkandeyaPuranamu.pdf,publisher,info,Publisher not extracted,
PU010-BrahmaPuranamu-1To3.pdf,publisher,info,Publisher not extracted,
Padma-Puranam.pdf,publisher,info,Publisher not extracted,
Scanda-Puranam-Telugu.pdf,publisher,info,Publisher not extracted,
VaisakhaPuranam-1.pdf,author,warning,Author not extracted,
VaisakhaPuranam-1.pdf,publisher,info,Publisher not extracted,
agni-puranam (1).pdf,publisher,info,Publisher not extracted,
basava-puranam-telugu.pdf,author,warning,Author not extracted,
basava-puranam-telugu.pdf,publisher,info,Publisher not extracted,
bhavishyapuranam-telugu.pdf,author,warning,Author not extracted,
bhavishyapuranam-telugu.pdf,publisher,info,Publisher not extracted,
karthikapuranam.pdf,author,warning,Author not extracted,
karthikapuranam.pdf,publisher,info,Publisher not extracted,
18-maha-puranas-in-english.pdf,publisher,info,Publisher not extracted,
ALL Puran English.pdf,publisher,info,Publisher not extracted,
Agni Puran 2.pdf,publisher,info,Publisher not extracted,
Agni puran 3.pdf,publisher,info,Publisher not extracted,
Brahm Vaivart Puran 1.pdf,author,warning,Author not extracted,
Brahm Vaivart Puran 1.pdf,publisher,info,Publisher not extracted,
Brahm Vaivart Puran 2.pdf,author,warning,Author not extracted,
Brahm Vaivart Puran 2.pdf,publisher,info,Publisher not extracted,
Brahm Vaivart Puran 3.pdf,author,warning,Author not extracted,
Brahm Vaivart Puran 3.pdf,publisher,info,Publisher not extracted,
Brahmand Puran 1.pdf,publisher,info,Publisher not extracted,
Brahmand Puran 2.pdf,publisher,info,Publisher not extracted,
Brahmand Puran 3.pdf,publisher,info,Publisher not extracted,
Brahmand Puran 4.pdf,publisher,info,Publisher not extracted,
Brahmand Puran 5.pdf,publisher,info,Publisher not extracted,
D48AE4C9-6BBA-409E-BBF1-535B6DC6C971.jpeg,author,warning,Author not extracted,
D48AE4C9-6BBA-409E-BBF1-535B6DC6C971.jpeg,publisher,info,Publisher not extracted,
Garud Puran complete.pdf,publisher,info,Publisher not extracted,
Kalika Puran.pdf,author,warning,Author not extracted,
Kalika Puran.pdf,publisher,info,Publisher not extracted,
Kalki-Purana-english.pdf,author,warning,Author not extracted,
Kalki-Purana-english.pdf,publisher,info,Publisher not extracted,
Kurm Puran.pdf,author,warning,Author not extracted,
Kurm Puran.pdf,publisher,info,Publisher not extracted,
Ling Puran 1.pdf,author,warning,Author not extracted,
Ling Puran 1.pdf,publisher,info,Publisher not extracted,
Ling Puran 2.pdf,author,warning,Author not extracted,
Ling Puran 2.pdf,publisher,info,Publisher not extracted,
Ling Puran Sans Eng 1.pdf,author,warning,Author not extracted,
Ling Puran Sans Eng 1.pdf,publisher,info,Publisher not extracted,
Ling Puran Sans Eng 2.pdf,author,warning,Author not extracted,
Ling Puran Sans Eng 2.pdf,publisher,info,Publisher not extracted,
Markandey Puran.pdf,publisher,info,Publisher not extracted,
Matasya Puran 1.pdf,publisher,info,Publisher not extracted,
Matasya Puran 2.pdf,publisher,info,Publisher not extracted,
Narad Panchatatra 1.pdf,author,warning,Author not extracted,
Narad Panchatatra 1.pdf,publisher,info,Publisher not extracted,
Narad Panchatatra 2.pdf,author,warning,Author not extracted,
Narad Panchatatra 2.pdf,publisher,info,Publisher not extracted,
Narad Puran 3.pdf,publisher,info,Publisher not extracted,
Narad Puran 4.pdf,publisher,info,Publisher not extracted,
Narsimha Puran.pdf,publisher,info,Publisher not extracted,
Padma Puran 3.pdf,publisher,info,Publisher not extracted,
Padma Puran 7.pdf,publisher,info,Publisher not extracted,
Padma Puran 8.pdf,publisher,info,Publisher not extracted,
Padma Puran 9.pdf,publisher,info,Publisher not extracted,
Shiv Puran 1.pdf,author,warning,Author not extracted,
Shiv Puran 1.pdf,publisher,info,Publisher not extracted,
Shiv Puran 2.pdf,author,warning,Author not extracted,
Shiv Puran 2.pdf,publisher,info,Publisher not extracted,
Shiv Puran 3.pdf,author,warning,Author not extracted,
Shiv Puran 3.pdf,publisher,info,Publisher not extracted,
Shiv Puran 4.pdf,author,warning,Author not extracted,
Shiv Puran 4.pdf,publisher,info,Publisher not extracted,
Skand puran 1.pdf,author,warning,Author not extracted,
Skand puran 1.pdf,publisher,info,Publisher not extracted,
Skand puran 11.pdf,publisher,info,Publisher not extracted,
Skand puran 12.pdf,publisher,info,Publisher not extracted,
Skand puran 13.pdf,publisher,info,Publisher not extracted,
Skand puran 14.pdf,publisher,info,Publisher not extracted,
Skand puran 15.pdf,publisher,info,Publisher not extracted,
Skand puran 18.pdf,publisher,info,Publisher not extracted,
Skand puran 2.pdf,author,warning,Author not extracted,
Skand puran 2.pdf,publisher,info,Publisher not extracted,
Skand puran 20.pdf,publisher,info,Publisher not extracted,
Skand puran 21.pdf,publisher,info,Publisher not extracted,
Skand puran 22.pdf,publisher,info,Publisher not extracted,
Skand puran 3.pdf,publisher,info,Publisher not extracted,
Skand puran 4.pdf,publisher,info,Publisher not extracted,
Skand puran 5.pdf,publisher,info,Publisher not extracted,
Skand puran 6.pdf,publisher,info,Publisher not extracted,
Skand puran 7.pdf,publisher,info,Publisher not extracted,
Skand puran 8.pdf,publisher,info,Publisher not extracted,
Skand puran 9.pdf,publisher,info,Publisher not extracted,
Vaman Puran.pdf,author,warning,Author not extracted,
Vaman Puran.pdf,publisher,info,Publisher not extracted,
Varah puran 1.pdf,author,warning,Author not extracted,
Varah puran 1.pdf,publisher,info,Publisher not extracted,
Varah puran 2.pdf,author,warning,Author not extracted,
Varah puran 2.pdf,publisher,info,Publisher not extracted,
Vayu Puran 1.pdf,publisher,info,Publisher not extracted,
Vayu Puran 2.pdf,publisher,info,Publisher not extracted,
Vishnu Dharmotra Puran.pdf,publisher,info,Publisher not extracted,
Vishnu Puran Eng sans.pdf,publisher,info,Publisher not extracted,
Yog Puran.pdf,publisher,info,Publisher not extracted,
agni Puran 4.pdf,publisher,info,Publisher not extracted,
vayu puran banaras.pdf,author,warning,Author not extracted,
vayu puran banaras.pdf,publisher,info,Publisher not extracted,
vayu puran by ramprashad.pdf,publisher,info,Publisher not extracted,
Ragachikitsa.pdf,author,warning,Author not extracted,
Ragachikitsa.pdf,publisher,info,Publisher not extracted,
08. Dr. Mohini Mehrotra.pdf,author,warning,Author not extracted,
08. Dr. Mohini Mehrotra.pdf,publisher,info,Publisher not extracted,
"60. Rashmi Yadav, Gwaliar (M.P.) .pdf",author,warning,Author not extracted,
"60. Rashmi Yadav, Gwaliar (M.P.) .pdf",publisher,info,Publisher not extracted,
A Read it before listening .jpg,author,warning,Author not extracted,
A Read it before listening .jpg,publisher,info,Publisher not extracted,
Bhairav.mp3,author,warning,Author not extracted,
Bhairav.mp3,publisher,info,Publisher not extracted,
Bhairavi.mp3,author,warning,Author not extracted,
Bhairavi.mp3,publisher,info,Publisher not extracted,
Bhoop.mp3,author,warning,Author not extracted,
Bhoop.mp3,publisher,info,Publisher not extracted,
DARBARI.mp3,author,warning,Author not extracted,
DARBARI.mp3,publisher,info,Publisher not extracted,
Darbari.mp3,author,warning,Author not extracted,
Darbari.mp3,publisher,info,Publisher not extracted,
Jaijaiwanti.mp3,author,warning,Author not extracted,
Jaijaiwanti.mp3,publisher,info,Publisher not extracted,
Khamaj.mp3,author,warning,Author not extracted,
Khamaj.mp3,publisher,info,Publisher not extracted,
Lalit.mp3,author,warning,Author not extracted,
Lalit.mp3,publisher,info,Publisher not extracted,
Madhuwanti.mp3,author,warning,Author not extracted,
Madhuwanti.mp3,publisher,info,Publisher not extracted,
Malkauns.mp3,author,warning,Author not extracted,
Malkauns.mp3,publisher,info,Publisher not extracted,
Pilu.mp3,author,warning,Author not extracted,
Pilu.mp3,publisher,info,Publisher not extracted,
Shivaranjani.mp3,author,warning,Author not extracted,
Shivaranjani.mp3,publisher,info,Publisher not extracted,
231_Ramraksha_Stotram_Web.pdf,publisher,info,Publisher not extracted,
.-ramraksha-stotra-125 2.pdf,publisher,info,Publisher not extracted,
Ram%20Raksha%20Stotra%20pdf.pdf.pdf,publisher,info,Publisher not extracted,
राम-रक्षा-स्तोत्र-PDF.pdf,author,warning,Author not extracted,
राम-रक्षा-स्तोत्र-PDF.pdf,publisher,info,Publisher not extracted,
1318_sri-ramchritmanas_roman.pdf,publisher,info,Publisher not extracted,
D48AE4C9-6BBA-409E-BBF1-535B6DC6C971.jpeg,author,warning,Author not extracted,
D48AE4C9-6BBA-409E-BBF1-535B6DC6C971.jpeg,publisher,info,Publisher not extracted,
D48AE4C9-6BBA-409E-BBF1-535B6DC6C971.jpeg,author,warning,Author not extracted,
D48AE4C9-6BBA-409E-BBF1-535B6DC6C971.jpeg,publisher,info,Publisher not extracted,
Shrimad Valmiki Ramayana (Hindi Edition) - Valmiki.pdf,publisher,info,Publisher not extracted,
D48AE4C9-6BBA-409E-BBF1-535B6DC6C971.jpeg,author,warning,Author not extracted,
D48AE4C9-6BBA-409E-BBF1-535B6DC6C971.jpeg,publisher,info,Publisher not extracted,
tamil-ramayanam-326-page.pdf,publisher,info,Publisher not extracted,
101-Valmiki-Ramayan-Telugu.pdf,publisher,info,Publisher not extracted,
102-Valmiki-Ramayan-Telugu.pdf,publisher,info,Publisher not extracted,
103-Valmiki-Ramayan-Telugu.pdf,publisher,info,Publisher not extracted,
104-Valmiki-Ramayan-Telugu.pdf,publisher,info,Publisher not extracted,
105-Valmiki-Ramayan-Telugu.pdf,publisher,info,Publisher not extracted,
106-Valmiki-Ramayan-Telugu.pdf,publisher,info,Publisher not extracted,
107-Valmiki-Ramayan-Telugu.pdf,publisher,info,Publisher not extracted,
201-Valmiki-Ramayan-Telugu.pdf,publisher,info,Publisher not extracted,
202-Valmiki-Ramayan-Telugu.pdf,publisher,info,Publisher not extracted,
203-Valmiki-Ramayan-Telugu.pdf,publisher,info,Publisher not extracted,
D48AE4C9-6BBA-409E-BBF1-535B6DC6C971.jpeg,author,warning,Author not extracted,
D48AE4C9-6BBA-409E-BBF1-535B6DC6C971.jpeg,publisher,info,Publisher not extracted,
manas1_i.pdf,publisher,info,Publisher not extracted,
श्रीरामचरितमानस-Ramcharitmanas 2.pdf,author,warning,Author not extracted,
श्रीरामचरितमानस-Ramcharitmanas 2.pdf,publisher,info,Publisher not extracted,
D48AE4C9-6BBA-409E-BBF1-535B6DC6C971.jpeg,author,warning,Author not extracted,
D48AE4C9-6BBA-409E-BBF1-535B6DC6C971.jpeg,publisher,info,Publisher not extracted,
ravan-samhita-1.pdf,author,warning,Author not extracted,
ravan-samhita-1.pdf,publisher,info,Publisher not extracted,
ravan-samhita-2.pdf,author,warning,Author not extracted,
ravan-samhita-2.pdf,publisher,info,Publisher not extracted,
ravan-samhita-3.pdf,author,warning,Author not extracted,
ravan-samhita-3.pdf,publisher,info,Publisher not extracted,
ravan-samhita-4.pdf,author,warning,Author not extracted,
ravan-samhita-4.pdf,publisher,info,Publisher not extracted,
ravan-samhita-5.pdf,author,warning,Author not extracted,
ravan-samhita-5.pdf,publisher,info,Publisher not extracted,
D48AE4C9-6BBA-409E-BBF1-535B6DC6C971.jpeg,author,warning,Author not extracted,
D48AE4C9-6BBA-409E-BBF1-535B6DC6C971.jpeg,publisher,info,Publisher not extracted,
गीता साधक संजीवनी.pdf,publisher,info,Publisher not extracted,
Importance_Of_Riaz_In_Indian_Classical_Music.pdf,author,warning,Author not extracted,
Importance_Of_Riaz_In_Indian_Classical_Music.pdf,publisher,info,Publisher not extracted,
Notations_1.pdf,publisher,info,Publisher not extracted,
2015.405980.Science-In.pdf,author,warning,Author not extracted,
2015.405980.Science-In.pdf,publisher,info,Publisher not extracted,
D48AE4C9-6BBA-409E-BBF1-535B6DC6C971.jpeg,author,warning,Author not extracted,
D48AE4C9-6BBA-409E-BBF1-535B6DC6C971.jpeg,publisher,info,Publisher not extracted,
science-in-vedas.pdf,author,warning,Author not extracted,
science-in-vedas.pdf,publisher,info,Publisher not extracted,
shabar-mantra-sadhna-evam-siddhi-in-hindi-pdf.pdf,author,warning,Author not extracted,
shabar-mantra-sadhna-evam-siddhi-in-hindi-pdf.pdf,publisher,info,Publisher not extracted,
SHAKTA PRAMOD TANTRA.pdf,author,warning,Author not extracted,
SHAKTA PRAMOD TANTRA.pdf,publisher,info,Publisher not extracted,
D48AE4C9-6BBA-409E-BBF1-535B6DC6C971.jpeg,author,warning,Author not extracted,
D48AE4C9-6BBA-409E-BBF1-535B6DC6C971.jpeg,publisher,info,Publisher not extracted,
Shata-Chakra-Nirupana-of-Shree-Purnananda-Yati-Goswami-Prahlad-Giri-pdf.pdf,author,warning,Author not extracted,
Shata-Chakra-Nirupana-of-Shree-Purnananda-Yati-Goswami-Prahlad-Giri-pdf.pdf,publisher,info,Publisher not extracted,
D48AE4C9-6BBA-409E-BBF1-535B6DC6C971.jpeg,author,warning,Author not extracted,
D48AE4C9-6BBA-409E-BBF1-535B6DC6C971.jpeg,publisher,info,Publisher not extracted,
SHIVA GITA (1).pdf,author,warning,Author not extracted,
SHIVA GITA (1).pdf,publisher,info,Publisher not extracted,
Shiva Svarodaya with Bhasha Tika by Pt. Mihira Chandra - Khemaraja_text 2.pdf,publisher,info,Publisher not extracted,
yShiva Svarodaya Text With English Translation - Ram Kumar Rai.pdf,author,warning,Author not extracted,
yShiva Svarodaya Text With English Translation - Ram Kumar Rai.pdf,publisher,info,Publisher not extracted,
ShivaSutras.pdf,author,warning,Author not extracted,
ShivaSutras.pdf,publisher,info,Publisher not extracted,
Shiva Sutra Spanda Karika (Samvat 2031 Edition) - Daita Swami.pdf,author,warning,Author not extracted,
Shiva Sutra Spanda Karika (Samvat 2031 Edition) - Daita Swami.pdf,publisher,info,Publisher not extracted,
D48AE4C9-6BBA-409E-BBF1-535B6DC6C971.jpeg,author,warning,Author not extracted,
D48AE4C9-6BBA-409E-BBF1-535B6DC6C971.jpeg,publisher,info,Publisher not extracted,
Shri-Yogavasishtha-1.pdf,publisher,info,Publisher not extracted,
Shri-Yogavasishtha-2.pdf,publisher,info,Publisher not extracted,
Shri-Yogavasishtha-3.pdf,publisher,info,Publisher not extracted,
Shri-Yogavasishtha-4.pdf,publisher,info,Publisher not extracted,
Shrimad bhagwat geeta.pdf,author,warning,Author not extracted,
Shrimad bhagwat geeta.pdf,publisher,info,Publisher not extracted,
srimadbhagvadgita-tattva-vivechani-457-gita-press-azimvth-ashram.pdf,publisher,info,Publisher not extracted,
D48AE4C9-6BBA-409E-BBF1-535B6DC6C971.jpeg,author,warning,Author not extracted,
D48AE4C9-6BBA-409E-BBF1-535B6DC6C971.jpeg,publisher,info,Publisher not extracted,
Sunderkand_Path.pdf,author,warning,Author not extracted,
Sunderkand_Path.pdf,publisher,info,Publisher not extracted,
सुंदरकांड.pdf,publisher,info,Publisher not extracted,
D48AE4C9-6BBA-409E-BBF1-535B6DC6C971.jpeg,author,warning,Author not extracted,
D48AE4C9-6BBA-409E-BBF1-535B6DC6C971.jpeg,publisher,info,Publisher not extracted,
सूर्य-सूक्त-1.pdf,publisher,info,Publisher not extracted,
D48AE4C9-6BBA-409E-BBF1-535B6DC6C971.jpeg,author,warning,Author not extracted,
D48AE4C9-6BBA-409E-BBF1-535B6DC6C971.jpeg,publisher,info,Publisher not extracted,
Sushruta-Samhita.pdf,publisher,info,Publisher not extracted,
2015.540437.Sushrut-Sanhita.pdf,author,warning,Author not extracted,
2015.540437.Sushrut-Sanhita.pdf,publisher,info,Publisher not extracted,
D48AE4C9-6BBA-409E-BBF1-535B6DC6C971.jpeg,author,warning,Author not extracted,
D48AE4C9-6BBA-409E-BBF1-535B6DC6C971.jpeg,publisher,info,Publisher not extracted,
D48AE4C9-6BBA-409E-BBF1-535B6DC6C971.jpeg,author,warning,Author not extracted,
D48AE4C9-6BBA-409E-BBF1-535B6DC6C971.jpeg,publisher,info,Publisher not extracted,
Jyotish Mein Svara Vigyan Ka Mahatva - Kedar Nath Joshi.pdf,author,warning,Author not extracted,
Jyotish Mein Svara Vigyan Ka Mahatva - Kedar Nath Joshi.pdf,publisher,info,Publisher not extracted,
Swar vigyan.pdf,publisher,info,Publisher not extracted,
2015.539126.Indrajal.pdf,author,warning,Author not extracted,
2015.539126.Indrajal.pdf,publisher,info,Publisher not extracted,
2015.541564.Uddish-tantram.pdf,author,warning,Author not extracted,
2015.541564.Uddish-tantram.pdf,publisher,info,Publisher not extracted,
235056697-Rudrayamala-tantram-रुद-रयामल-तन-त-रम (1).pdf,author,warning,Author not extracted,
235056697-Rudrayamala-tantram-रुद-रयामल-तन-त-रम (1).pdf,publisher,info,Publisher not extracted,
D48AE4C9-6BBA-409E-BBF1-535B6DC6C971.jpeg,author,warning,Author not extracted,
D48AE4C9-6BBA-409E-BBF1-535B6DC6C971.jpeg,publisher,info,Publisher not extracted,
GarbhaUpanishad.pdf,publisher,info,Publisher not extracted,
Guru Sadhana (1).pdf,author,warning,Author not extracted,
Guru Sadhana (1).pdf,publisher,info,Publisher not extracted,
Mantra Rahasya.pdf,author,warning,Author not extracted,
Mantra Rahasya.pdf,publisher,info,Publisher not extracted,
Siddha Rare Sadhanas (2).pdf,author,warning,Author not extracted,
Siddha Rare Sadhanas (2).pdf,publisher,info,Publisher not extracted,
Sri Vidya Nityarchan Saparrya Paddhati - Pt. Hari Om Shukla.pdf,author,warning,Author not extracted,
Sri Vidya Nityarchan Saparrya Paddhati - Pt. Hari Om Shukla.pdf,publisher,info,Publisher not extracted,
Swarn Tantram.pdf,author,warning,Author not extracted,
Swarn Tantram.pdf,publisher,info,Publisher not extracted,
Urvashi Sadhana.pdf,publisher,info,Publisher not extracted,
dlscrib.com-pdf-kriyodish-tantra-rare-book-dl_db8277b362f0ed55d2d0058c81c3e763.pdf,title,warning,Title is empty or same as filename,
dlscrib.com-pdf-kriyodish-tantra-rare-book-dl_db8277b362f0ed55d2d0058c81c3e763.pdf,publisher,info,Publisher not extracted,
vishwa-ki-alokik-sadhnaye_compress.pdf,author,warning,Author not extracted,
vishwa-ki-alokik-sadhnaye_compress.pdf,publisher,info,Publisher not extracted,
लक्ष्मी_प्राप्ति_के_दुर्लभ_प्रयोग.pdf,author,warning,Author not extracted,
लक्ष्मी_प्राप्ति_के_दुर्लभ_प्रयोग.pdf,publisher,info,Publisher not extracted,
हिमालय के योगियों की गुप्त सिद्धियां .pdf,author,warning,Author not extracted,
हिमालय के योगियों की गुप्त सिद्धियां .pdf,publisher,info,Publisher not extracted,
the-secret-of-the-veda-sri-aurobindo.pdf,publisher,info,Publisher not extracted,
108 Upanishad Part-1.PDF,author,warning,Author not extracted,
108 Upanishad Part-1.PDF,publisher,info,Publisher not extracted,
108 Upanishad Part-2.PDF,author,warning,Author not extracted,
108 Upanishad Part-2.PDF,publisher,info,Publisher not extracted,
108 Upanishad Part-3.pdf,author,warning,Author not extracted,
108 Upanishad Part-3.pdf,publisher,info,Publisher not extracted,
108-upanishads-with-upanishad-brahmam-commentary.pdf,author,warning,Author not extracted,
108-upanishads-with-upanishad-brahmam-commentary.pdf,publisher,info,Publisher not extracted,
D48AE4C9-6BBA-409E-BBF1-535B6DC6C971.jpeg,author,warning,Author not extracted,
D48AE4C9-6BBA-409E-BBF1-535B6DC6C971.jpeg,publisher,info,Publisher not extracted,
Katha Upanishad  - Gita Press Gorakhpur.pdf,author,warning,Author not extracted,
Katha Upanishad  - Gita Press Gorakhpur.pdf,publisher,info,Publisher not extracted,
Katha Upanishad Gita Press Gorakhpur.pdf,publisher,info,Publisher not extracted,
Kena Upanishad - Gita Press Gorakhpur.pdf,author,warning,Author not extracted,
Kena Upanishad - Gita Press Gorakhpur.pdf,publisher,info,Publisher not extracted,
Kena Upanishad Gita Press Gorakhpur.pdf,publisher,info,Publisher not extracted,
Mandukya Upanishad - Gita Press Gorakhpur.pdf,author,warning,Author not extracted,
Mandukya Upanishad - Gita Press Gorakhpur.pdf,publisher,info,Publisher not extracted,
instaPDF.in-mandukya-upanishad-718.pdf,author,warning,Author not extracted,
instaPDF.in-mandukya-upanishad-718.pdf,publisher,info,Publisher not extracted,
वट-सावित्री-व्रत-कथा-vat-savitri-vrat-katha-436 2.pdf,publisher,info,Publisher not extracted,
D48AE4C9-6BBA-409E-BBF1-535B6DC6C971.jpeg,author,warning,Author not extracted,
D48AE4C9-6BBA-409E-BBF1-535B6DC6C971.jpeg,publisher,info,Publisher not extracted,
Four-Vedas-English-Translation.pdf,publisher,info,Publisher not extracted,
rigveda_english.pdf,publisher,info,Publisher not extracted,
the-4-vedas.pdf,publisher,info,Publisher not extracted,
D48AE4C9-6BBA-409E-BBF1-535B6DC6C971.jpeg,author,warning,Author not extracted,
D48AE4C9-6BBA-409E-BBF1-535B6DC6C971.jpeg,publisher,info,Publisher not extracted,
rigveda-gujarati-mandal1.pdf,publisher,info,Publisher not extracted,
samved-gujarati.pdf,publisher,info,Publisher not extracted,
yajurved-gujarati.pdf,publisher,info,Publisher not extracted,
D48AE4C9-6BBA-409E-BBF1-535B6DC6C971.jpeg,author,warning,Author not extracted,
D48AE4C9-6BBA-409E-BBF1-535B6DC6C971.jpeg,publisher,info,Publisher not extracted,
अथर्ववेद.pdf,publisher,info,Publisher not extracted,
ऋग्वेद.pdf,publisher,info,Publisher not extracted,
यजुर्वेद.pdf,publisher,info,Publisher not extracted,
सामवेद.pdf,publisher,info,Publisher not extracted,
Atharva Veda Telugu.pdf,publisher,info,Publisher not extracted,
D48AE4C9-6BBA-409E-BBF1-535B6DC6C971.jpeg,author,warning,Author not extracted,
D48AE4C9-6BBA-409E-BBF1-535B6DC6C971.jpeg,publisher,info,Publisher not extracted,
Rig Veda Telugu.pdf,publisher,info,Publisher not extracted,
yajur-vedam-telugu.pdf,author,warning,Author not extracted,
yajur-vedam-telugu.pdf,publisher,info,Publisher not extracted,
वैदिक गणित सूत्र.pdf,author,warning,Author not extracted,
वैदिक गणित सूत्र.pdf,publisher,info,Publisher not extracted,
Raja Ram Mohan Roy - Vedic Physics_ Scientific Origin of Hinduism.pdf,publisher,info,Publisher not extracted,
D48AE4C9-6BBA-409E-BBF1-535B6DC6C971.jpeg,author,warning,Author not extracted,
D48AE4C9-6BBA-409E-BBF1-535B6DC6C971.jpeg,publisher,info,Publisher not extracted,
science-in-vedas.pdf,author,warning,Author not extracted,
science-in-vedas.pdf,publisher,info,Publisher not extracted,
D48AE4C9-6BBA-409E-BBF1-535B6DC6C971.jpeg,author,warning,Author not extracted,
D48AE4C9-6BBA-409E-BBF1-535B6DC6C971.jpeg,publisher,info,Publisher not extracted,
"The Vimanika Shastra by Maharshi Bharadwaaja,Propounded by Venerable SUBBARAYA SHASTRY (z-lib.org).pdf",title,warning,Title is empty or same as filename,
"The Vimanika Shastra by Maharshi Bharadwaaja,Propounded by Venerable SUBBARAYA SHASTRY (z-lib.org).pdf",author,warning,Author not extracted,
"The Vimanika Shastra by Maharshi Bharadwaaja,Propounded by Venerable SUBBARAYA SHASTRY (z-lib.org).pdf",publisher,info,Publisher not extracted,
Types-of-ancient-vimanas7.png,author,warning,Author not extracted,
Types-of-ancient-vimanas7.png,publisher,info,Publisher not extracted,
Vimana.jpg,author,warning,Author not extracted,
Vimana.jpg,publisher,info,Publisher not extracted,
image-of-vimana.jpg,author,warning,Author not extracted,
image-of-vimana.jpg,publisher,info,Publisher not extracted,
indian_pushpaka_vimana.jpg,author,warning,Author not extracted,
indian_pushpaka_vimana.jpg,publisher,info,Publisher not extracted,
research-case-study-on-the-technology-of-rukma-vimana-IJERTV2IS100753.pdf,publisher,info,Publisher not extracted,
the_vimanika_shastra.pdf,title,warning,Title is empty or same as filename,
the_vimanika_shastra.pdf,author,warning,Author not extracted,
the_vimanika_shastra.pdf,publisher,info,Publisher not extracted,
vimana101.jpg,author,warning,Author not extracted,
vimana101.jpg,publisher,info,Publisher not extracted,
vimanika shaster.pdf,publisher,info,Publisher not extracted,
vimanikaShastraEnglish.pdf,title,warning,Title is empty or same as filename,
vimanikaShastraEnglish.pdf,author,warning,Author not extracted,
vimanikaShastraEnglish.pdf,publisher,info,Publisher not extracted,
D48AE4C9-6BBA-409E-BBF1-535B6DC6C971.jpeg,author,warning,Author not extracted,
D48AE4C9-6BBA-409E-BBF1-535B6DC6C971.jpeg,publisher,info,Publisher not extracted,
Vidur-Niti_sanskrit.pdf,publisher,info,Publisher not extracted,
D48AE4C9-6BBA-409E-BBF1-535B6DC6C971.jpeg,author,warning,Author not extracted,
D48AE4C9-6BBA-409E-BBF1-535B6DC6C971.jpeg,publisher,info,Publisher not extracted,
"VIGYAN BHAIRAV (RUDRYAMAL TANTRA KA GOOD REHASYA) Bhairav Bhairvi Samwad (Hindi Edition) (DASHORA, NANDLAL) (Z-Library).pdf",publisher,info,Publisher not extracted,
Vigyan bhairav (bapulal).pdf,author,warning,Author not extracted,
Vigyan bhairav (bapulal).pdf,publisher,info,Publisher not extracted,
"Vigyan Bhairav Tantra, Vol 1 (1).pdf",author,warning,Author not extracted,
"Vigyan Bhairav Tantra, Vol 1 (1).pdf",publisher,info,Publisher not extracted,
"Vigyan Bhairav Tantra, Vol 2 (1).pdf",author,warning,Author not extracted,
"Vigyan Bhairav Tantra, Vol 2 (1).pdf",publisher,info,Publisher not extracted,
Sri_Vishnu_Sahasranama_Stotram.pdf,author,warning,Author not extracted,
Sri_Vishnu_Sahasranama_Stotram.pdf,publisher,info,Publisher not extracted,
Ayurvedic Upay.pdf,publisher,info,Publisher not extracted,
D48AE4C9-6BBA-409E-BBF1-535B6DC6C971.jpeg,author,warning,Author not extracted,
D48AE4C9-6BBA-409E-BBF1-535B6DC6C971.jpeg,publisher,info,Publisher not extracted,
Patanjali Yoga Sutra by Swami Vivekananda.pdf,publisher,info,Publisher not extracted,
Yoga.pdf,publisher,info,Publisher not extracted,
तुलसी के चमत्कारी गुण.pdf,author,warning,Author not extracted,
तुलसी के चमत्कारी गुण.pdf,publisher,info,Publisher not extracted,
योग आसन ( चित्र ).pdf,publisher,info,Publisher not extracted,
हमारी_हिन्दू_संस्कृति_पूर्णतः_विज्ञान.pdf,author,warning,Author not extracted,
हमारी_हिन्दू_संस्कृति_पूर्णतः_विज्ञान.pdf,publisher,info,Publisher not extracted,
हिन्दू_मान्यताओं_का_वैज्ञानिक_आधार.pdf,publisher,info,Publisher not extracted,
You Can Pay Any Amount.jpeg,author,warning,Author not extracted,
You Can Pay Any Amount.jpeg,publisher,info,Publisher not extracted,
D48AE4C9-6BBA-409E-BBF1-535B6DC6C971.jpeg,author,warning,Author not extracted,
D48AE4C9-6BBA-409E-BBF1-535B6DC6C971.jpeg,publisher,info,Publisher not extracted,
Sri_Shankaracharya-AtmaBodha (and Other Stotras) - Swami Nikhilananda (1947) [Sanskrit-English].pdf,publisher,info,Publisher not extracted,
2015.341974.99999990234752.pdf,author,warning,Author not extracted,
2015.341974.99999990234752.pdf,publisher,info,Publisher not extracted,
2015.342017.99999990234792.pdf,author,warning,Author not extracted,
2015.342017.99999990234792.pdf,publisher,info,Publisher not extracted,
2015.342293.Sachitra-Jyotish.pdf,author,warning,Author not extracted,
2015.342293.Sachitra-Jyotish.pdf,publisher,info,Publisher not extracted,
2015.342310.Sugam-Jyotish.pdf,author,warning,Author not extracted,
2015.342310.Sugam-Jyotish.pdf,publisher,info,Publisher not extracted,
2015.378893.Bhartiya-Jyotish.pdf,author,warning,Author not extracted,
2015.378893.Bhartiya-Jyotish.pdf,publisher,info,Publisher not extracted,
2015.464310.Dynamic-Astrology.pdf,author,warning,Author not extracted,
2015.464310.Dynamic-Astrology.pdf,publisher,info,Publisher not extracted,
2015.538690.Ratna-Parichay.pdf,author,warning,Author not extracted,
2015.538690.Ratna-Parichay.pdf,publisher,info,Publisher not extracted,
2015.545358.Ank-Vidya.pdf,author,warning,Author not extracted,
2015.545358.Ank-Vidya.pdf,publisher,info,Publisher not extracted,
2015.553830.Bhrigu-Sanhita.pdf,author,warning,Author not extracted,
2015.553830.Bhrigu-Sanhita.pdf,publisher,info,Publisher not extracted,
D48AE4C9-6BBA-409E-BBF1-535B6DC6C971.jpeg,author,warning,Author not extracted,
D48AE4C9-6BBA-409E-BBF1-535B6DC6C971.jpeg,publisher,info,Publisher not extracted,
vastu shastra hindi.pdf,author,warning,Author not extracted,
vastu shastra hindi.pdf,publisher,info,Publisher not extracted,
1. Ancient Remedies for a Modern You An Introduction to Ayurveda Author Premal Patel.pdf,author,warning,Author not extracted,
1. Ancient Remedies for a Modern You An Introduction to Ayurveda Author Premal Patel.pdf,publisher,info,Publisher not extracted,
"10. Ayurvedas Perspective on Healing Mental Illness Author AdPurkh Kaur Khalsa, Emily K Smith.pdf",author,warning,Author not extracted,
"10. Ayurvedas Perspective on Healing Mental Illness Author AdPurkh Kaur Khalsa, Emily K Smith.pdf",publisher,info,Publisher not extracted,
11. Concept of Psychology &amp; the Mind in Ayurved Author Maheshkumar Nilkanth Chaudhari.pdf,publisher,info,Publisher not extracted,
12. Concept of Personality Type in West and in Ayurveda (Article) Author Rudrani Mukherjee.pdf,publisher,info,Publisher not extracted,
13. Holistic Nutrition For Children and Elderly In View Of Ayurveda Author Dr Rakesh Kumar Jain.pdf,publisher,info,Publisher not extracted,
"14. A Study of Ayurvedic Style of Cooking and It’s Influence in Day to Day Life (Article) Author Dr Kiran Shende,Mr Rahul Bhalekar.pdf",author,warning,Author not extracted,
"14. A Study of Ayurvedic Style of Cooking and It’s Influence in Day to Day Life (Article) Author Dr Kiran Shende,Mr Rahul Bhalekar.pdf",publisher,info,Publisher not extracted,
15. Ideal Daily Routine According to Maharishi Ayurveda (Article) Author Center for Optimal Health.pdf,publisher,info,Publisher not extracted,
16. Introduction to Ayurveda (Presentation) Author Ajita Patel.pdf,publisher,info,Publisher not extracted,
17. Introduction to system of medicine Author  Department of Collegiate Education Government of Karnataka India.pdf,publisher,info,Publisher not extracted,
18. Theory of Ayurveda (Presentation) Author Dr Chakra Pany Sharma.pdf,publisher,info,Publisher not extracted,
2. History of Ayurveda a Heritage of Healing Author Poliklinika Harni.pdf,title,warning,Title is empty or same as filename,
2. History of Ayurveda a Heritage of Healing Author Poliklinika Harni.pdf,publisher,info,Publisher not extracted,
"3. My Health My Responsibility Ayu Samvad Ayurveda for Covid 19 Author Shri Shripad Yasso Naik,Padmashree Vaidya Rajesh Kotecha,Shri Pramod Kumar Pathak.pdf",publisher,info,Publisher not extracted,
4. An Ayurvedic Approach to Losing Weigh Author Banyan Botanicals.pdf,author,warning,Author not extracted,
4. An Ayurvedic Approach to Losing Weigh Author Banyan Botanicals.pdf,publisher,info,Publisher not extracted,
5. Ayurveda Kapha Daily Routine Author Yoga Veda Institute Educational Programs.pdf,author,warning,Author not extracted,
5. Ayurveda Kapha Daily Routine Author Yoga Veda Institute Educational Programs.pdf,publisher,info,Publisher not extracted,
6. Accounts of Pathogenic Organisms in the Early Texts of Ayurveda Author P Ram Manohar.pdf,author,warning,Author not extracted,
6. Accounts of Pathogenic Organisms in the Early Texts of Ayurveda Author P Ram Manohar.pdf,publisher,info,Publisher not extracted,
7. Ontology of Personhood in Ayurveda from the Perspective of Patients and Physicians in Palampur Himachal Pradesh An Independent Stud Author Denise DeFelice.pdf,author,warning,Author not extracted,
7. Ontology of Personhood in Ayurveda from the Perspective of Patients and Physicians in Palampur Himachal Pradesh An Independent Stud Author Denise DeFelice.pdf,publisher,info,Publisher not extracted,
"8. Ancient Wisdom and Future Medicine A Defense of the Science of Ayurveda  Author Michael Eatmon,Dr Thomas Moore,Dr Jayashree Shivamoggi.pdf",publisher,info,Publisher not extracted,
9. Concepts of Human Physiology in Ayurveda Author Kishor Patwardhan.pdf,publisher,info,Publisher not extracted,
D48AE4C9-6BBA-409E-BBF1-535B6DC6C971.jpeg,author,warning,Author not extracted,
D48AE4C9-6BBA-409E-BBF1-535B6DC6C971.jpeg,publisher,info,Publisher not extracted,
D48AE4C9-6BBA-409E-BBF1-535B6DC6C971.jpeg,author,warning,Author not extracted,
D48AE4C9-6BBA-409E-BBF1-535B6DC6C971.jpeg,publisher,info,Publisher not extracted,
Strength+of+Brahmacharya.pdf,author,warning,Author not extracted,
Strength+of+Brahmacharya.pdf,publisher,info,Publisher not extracted,
Swami-Vivekananda-on-Brahmacharya.pdf,publisher,info,Publisher not extracted,
- Rigveda Samhitaa -_1.pdf,publisher,info,Publisher not extracted,
D48AE4C9-6BBA-409E-BBF1-535B6DC6C971.jpeg,author,warning,Author not extracted,
D48AE4C9-6BBA-409E-BBF1-535B6DC6C971.jpeg,publisher,info,Publisher not extracted,
Valmiki Ramayanam Baalakanda- N Ranganatha sharma.pdf,author,warning,Author not extracted,
Valmiki Ramayanam Baalakanda- N Ranganatha sharma.pdf,publisher,info,Publisher not extracted,
ಬೃಹಜ್ಜಾತಕ ಕನ್ನಡ.pdf,author,warning,Author not extracted,
ಬೃಹಜ್ಜಾತಕ ಕನ್ನಡ.pdf,publisher,info,Publisher not extracted,
ಭಗವಂತನ ಕೃಪೆ_.pdf,publisher,info,Publisher not extracted,
ಭೀಷ್ಮ ಪಿತಾಮಹರ ಕಥೆ_.pdf,publisher,info,Publisher not extracted,
ಮಹಾಭಾರತದ ಆದರ್ಶ_.pdf,publisher,info,Publisher not extracted,
ವಾಸ್ತವಿಕ ಸುಖ ಆನಂದ_.pdf,publisher,info,Publisher not extracted,
ವಿಷ್ಣು ಸಹಸ್ರ ನಾಮ_.pdf,publisher,info,Publisher not extracted,
ಶಿಕ್ಷಪ್ರದ_.pdf,publisher,info,Publisher not extracted,
ಸಂಪೂರ್ಣ ಋಗ್ವೇದ ಕನ್ನಡ .pdf,author,warning,Author not extracted,
ಸಂಪೂರ್ಣ ಋಗ್ವೇದ ಕನ್ನಡ .pdf,publisher,info,Publisher not extracted,
ಸಮಯದ ಸದುಪಯೋಗ ಹೇಗೆ_.pdf,publisher,info,Publisher not extracted,
D48AE4C9-6BBA-409E-BBF1-535B6DC6C971.jpeg,author,warning,Author not extracted,
D48AE4C9-6BBA-409E-BBF1-535B6DC6C971.jpeg,publisher,info,Publisher not extracted,
Narad and Shandilya bhakti sutra.pdf,publisher,info,Publisher not extracted,
D48AE4C9-6BBA-409E-BBF1-535B6DC6C971.jpeg,author,warning,Author not extracted,
D48AE4C9-6BBA-409E-BBF1-535B6DC6C971.jpeg,publisher,info,Publisher not extracted,
Narada_Bhakti_Sutra.pdf,author,warning,Author not extracted,
Narada_Bhakti_Sutra.pdf,publisher,info,Publisher not extracted,
संस्कृतम् - पाठ 1 संस्कृत वर्णमाला Learn Sanskrit_ Alphabet.mp4,author,warning,Author not extracted,
संस्कृतम् - पाठ 1 संस्कृत वर्णमाला Learn Sanskrit_ Alphabet.mp4,publisher,info,Publisher not extracted,
"संस्कृतम् - पाठ 11, सर्वनाम, लट् लकार. Learn Sanskrit_ Pronouns &amp; the Present Te.mp4",author,warning,Author not extracted,
"संस्कृतम् - पाठ 11, सर्वनाम, लट् लकार. Learn Sanskrit_ Pronouns &amp; the Present Te.mp4",publisher,info,Publisher not extracted,
"संस्कृतम् – पाठ 10, उत्तम पुरुष Learn Sanskrit_ First Person.mp4",author,warning,Author not extracted,
"संस्कृतम् – पाठ 10, उत्तम पुरुष Learn Sanskrit_ First Person.mp4",publisher,info,Publisher not extracted,
"संस्कृतम् – पाठ 12, अश्वः Learn Sanskrit_ Masculine Nouns.mp4",author,warning,Author not extracted,
"संस्कृतम् – पाठ 12, अश्वः Learn Sanskrit_ Masculine Nouns.mp4",publisher,info,Publisher not extracted,
"संस्कृतम् – पाठ 13, नपुंसकलिंग Learn Sanskrit_ Neuter Gender.mp4",author,warning,Author not extracted,
"संस्कृतम् – पाठ 13, नपुंसकलिंग Learn Sanskrit_ Neuter Gender.mp4",publisher,info,Publisher not extracted,
"संस्कृतम् – पाठ 14, अकारांत नपुंसकलिंग Learn Sanskrit_ Neuter Nouns in -A.mp4",author,warning,Author not extracted,
"संस्कृतम् – पाठ 14, अकारांत नपुंसकलिंग Learn Sanskrit_ Neuter Nouns in -A.mp4",publisher,info,Publisher not extracted,
"संस्कृतम् – पाठ 15, लृट् लकार Learn Sanskrit_ Future Tense.mp4",author,warning,Author not extracted,
"संस्कृतम् – पाठ 15, लृट् लकार Learn Sanskrit_ Future Tense.mp4",publisher,info,Publisher not extracted,
"संस्कृतम् – पाठ 16, लङ् लकार Learn Sanskrit_ Past Tense.mp4",author,warning,Author not extracted,
"संस्कृतम् – पाठ 16, लङ् लकार Learn Sanskrit_ Past Tense.mp4",publisher,info,Publisher not extracted,
"संस्कृतम् – पाठ 17, विधिलिङ् लकार Learn Sanskrit_ Should.mp4",author,warning,Author not extracted,
"संस्कृतम् – पाठ 17, विधिलिङ् लकार Learn Sanskrit_ Should.mp4",publisher,info,Publisher not extracted,
"संस्कृतम् – पाठ 18, लोट् लकार Learn Sanskrit_ Orders, Requests.mp4",author,warning,Author not extracted,
"संस्कृतम् – पाठ 18, लोट् लकार Learn Sanskrit_ Orders, Requests.mp4",publisher,info,Publisher not extracted,
"संस्कृतम् – पाठ 19, आकारांत स्त्रीलिंग Learn Sanskrit_ Akarant Feminine.mp4",author,warning,Author not extracted,
"संस्कृतम् – पाठ 19, आकारांत स्त्रीलिंग Learn Sanskrit_ Akarant Feminine.mp4",publisher,info,Publisher not extracted,
"संस्कृतम् – पाठ 2, मात्राएँ _ Learn Sanskrit_ Vowel Marks.mp4",author,warning,Author not extracted,
"संस्कृतम् – पाठ 2, मात्राएँ _ Learn Sanskrit_ Vowel Marks.mp4",publisher,info,Publisher not extracted,
"संस्कृतम् – पाठ 20, अस्मद् Learn Sanskrit_ I, We.mp4",author,warning,Author not extracted,
"संस्कृतम् – पाठ 20, अस्मद् Learn Sanskrit_ I, We.mp4",publisher,info,Publisher not extracted,
"संस्कृतम् – पाठ 21, अस् धातु Learn Sanskrit_ The Copula –Is, Am, Are.mp4",author,warning,Author not extracted,
"संस्कृतम् – पाठ 21, अस् धातु Learn Sanskrit_ The Copula –Is, Am, Are.mp4",publisher,info,Publisher not extracted,
"संस्कृतम् – पाठ 22, युष्मद् – तुम Learn Sanskrit_ You, Your etc.mp4",author,warning,Author not extracted,
"संस्कृतम् – पाठ 22, युष्मद् – तुम Learn Sanskrit_ You, Your etc.mp4",publisher,info,Publisher not extracted,
"संस्कृतम् – पाठ 23, सः तत् Learn Sanskrit_ He, his, him, they, them etc.mp4",author,warning,Author not extracted,
"संस्कृतम् – पाठ 23, सः तत् Learn Sanskrit_ He, his, him, they, them etc.mp4",publisher,info,Publisher not extracted,
"संस्कृतम् – पाठ 24, किम् के कानि Learn Sanskrit_ Who,What, Whom,Whose.mp4",author,warning,Author not extracted,
"संस्कृतम् – पाठ 24, किम् के कानि Learn Sanskrit_ Who,What, Whom,Whose.mp4",publisher,info,Publisher not extracted,
"संस्कृतम् – पाठ 25, यत् ये यानि Learn Sanskrit_ Who, Whom,Whose.mp4",author,warning,Author not extracted,
"संस्कृतम् – पाठ 25, यत् ये यानि Learn Sanskrit_ Who, Whom,Whose.mp4",publisher,info,Publisher not extracted,
"संस्कृतम् – पाठ 26, सा, या, का Learn Sanskrit_ Feminine Forms of Pronouns, She.mp4",author,warning,Author not extracted,
"संस्कृतम् – पाठ 26, सा, या, का Learn Sanskrit_ Feminine Forms of Pronouns, She.mp4",publisher,info,Publisher not extracted,
"संस्कृतम् – पाठ 27,इकरान्त पुंल्लिंग Learn Sanskrit_ Masculine Nouns in –i.mp4",author,warning,Author not extracted,
"संस्कृतम् – पाठ 27,इकरान्त पुंल्लिंग Learn Sanskrit_ Masculine Nouns in –i.mp4",publisher,info,Publisher not extracted,
"संस्कृतम् – पाठ 28,उकरान्त पुंल्लिंग Learn Sanskrit_ Masculine Nouns in –u.mp4",author,warning,Author not extracted,
"संस्कृतम् – पाठ 28,उकरान्त पुंल्लिंग Learn Sanskrit_ Masculine Nouns in –u.mp4",publisher,info,Publisher not extracted,
"संस्कृतम् – पाठ 29,संस्कृत धातुपाठ Learn Sanskrit_ List of Verbs_ Part 1.mp4",author,warning,Author not extracted,
"संस्कृतम् – पाठ 29,संस्कृत धातुपाठ Learn Sanskrit_ List of Verbs_ Part 1.mp4",publisher,info,Publisher not extracted,
"संस्कृतम् – पाठ 3, संयुक्त वर्ण –1 Learn Sanskrit_ Consonant Clusters.mp4",author,warning,Author not extracted,
"संस्कृतम् – पाठ 3, संयुक्त वर्ण –1 Learn Sanskrit_ Consonant Clusters.mp4",publisher,info,Publisher not extracted,
"संस्कृतम् – पाठ 30, संख्याशब्द Learn Sanskrit_ Cardinal Numerals संस्कृत में गिन.mp4",author,warning,Author not extracted,
"संस्कृतम् – पाठ 30, संख्याशब्द Learn Sanskrit_ Cardinal Numerals संस्कृत में गिन.mp4",publisher,info,Publisher not extracted,
"संस्कृतम् – पाठ 31, संख्याशब्दों के लिंग Learn Sanskrit_ Gender of Numerals.mp4",author,warning,Author not extracted,
"संस्कृतम् – पाठ 31, संख्याशब्दों के लिंग Learn Sanskrit_ Gender of Numerals.mp4",publisher,info,Publisher not extracted,
"संस्कृतम् – पाठ 32, ऋकारांत शब्द Learn Sanskrit_ Nouns ending in –ri.mp4",author,warning,Author not extracted,
"संस्कृतम् – पाठ 32, ऋकारांत शब्द Learn Sanskrit_ Nouns ending in –ri.mp4",publisher,info,Publisher not extracted,
"संस्कृतम् – पाठ 33, संस्कृत धातुपाठ Learn Sanskrit_ List of Sanskrit Verbs Part .mp4",author,warning,Author not extracted,
"संस्कृतम् – पाठ 33, संस्कृत धातुपाठ Learn Sanskrit_ List of Sanskrit Verbs Part .mp4",publisher,info,Publisher not extracted,
"संस्कृतम् – पाठ 34, पूरणी संख्याएँ Learn Sanskrit_ Ordinal Numbers.mp4",author,warning,Author not extracted,
"संस्कृतम् – पाठ 34, पूरणी संख्याएँ Learn Sanskrit_ Ordinal Numbers.mp4",publisher,info,Publisher not extracted,
"संस्कृतम् – पाठ 35, आत्मनेपदी धातु Learn Sanskrit_ Atmanepadi Verb.mp4",author,warning,Author not extracted,
"संस्कृतम् – पाठ 35, आत्मनेपदी धातु Learn Sanskrit_ Atmanepadi Verb.mp4",publisher,info,Publisher not extracted,
"संस्कृतम् – पाठ 36, आत्मनेपदी धातुएँ Learn Sanskrit_ More Atmanepadi Verbs Part.mp4",author,warning,Author not extracted,
"संस्कृतम् – पाठ 36, आत्मनेपदी धातुएँ Learn Sanskrit_ More Atmanepadi Verbs Part.mp4",publisher,info,Publisher not extracted,
"संस्कृतम् – पाठ 37, संस्कृत धातुपाठ Learn Sanskrit_ List of Sanskrit Verbs Part .mp4",author,warning,Author not extracted,
"संस्कृतम् – पाठ 37, संस्कृत धातुपाठ Learn Sanskrit_ List of Sanskrit Verbs Part .mp4",publisher,info,Publisher not extracted,
"संस्कृतम् – पाठ 38, ईकारांत शब्द Learn Sanskrit_ Nouns ending in –ई.mp4",author,warning,Author not extracted,
"संस्कृतम् – पाठ 38, ईकारांत शब्द Learn Sanskrit_ Nouns ending in –ई.mp4",publisher,info,Publisher not extracted,
"संस्कृतम् – पाठ 39, उकारांत शब्द Learn Sanskrit_ Nouns ending in –उ.mp4",author,warning,Author not extracted,
"संस्कृतम् – पाठ 39, उकारांत शब्द Learn Sanskrit_ Nouns ending in –उ.mp4",publisher,info,Publisher not extracted,
"संस्कृतम् – पाठ 4, संयुक्त वर्ण –2 Learn Sanskrit_ Consonant Clusters.mp4",author,warning,Author not extracted,
"संस्कृतम् – पाठ 4, संयुक्त वर्ण –2 Learn Sanskrit_ Consonant Clusters.mp4",publisher,info,Publisher not extracted,
"संस्कृतम् – पाठ 40, हलन्त शब्द Learn Sanskrit_ Nouns ending in a Consonant.mp4",author,warning,Author not extracted,
"संस्कृतम् – पाठ 40, हलन्त शब्द Learn Sanskrit_ Nouns ending in a Consonant.mp4",publisher,info,Publisher not extracted,
"संस्कृतम् – पाठ 41, संस्कृत धातुपाठ Learn Sanskrit_ List of Sanskrit Verbs Part .mp4",author,warning,Author not extracted,
"संस्कृतम् – पाठ 41, संस्कृत धातुपाठ Learn Sanskrit_ List of Sanskrit Verbs Part .mp4",publisher,info,Publisher not extracted,
"संस्कृतम् – पाठ 42, द्वितीया विभक्ति कर्म कारक Learn Sanskrit_ Accusative Case.mp4",author,warning,Author not extracted,
"संस्कृतम् – पाठ 42, द्वितीया विभक्ति कर्म कारक Learn Sanskrit_ Accusative Case.mp4",publisher,info,Publisher not extracted,
"संस्कृतम् – पाठ 43, तृतीया विभक्ति करण कारक Learn Sanskrit_ Instrumental Case.mp4",author,warning,Author not extracted,
"संस्कृतम् – पाठ 43, तृतीया विभक्ति करण कारक Learn Sanskrit_ Instrumental Case.mp4",publisher,info,Publisher not extracted,
"संस्कृतम् – पाठ 44, क्त्वा प्रत्यय Learn Sanskrit_ The Suffix Ktva.mp4",author,warning,Author not extracted,
"संस्कृतम् – पाठ 44, क्त्वा प्रत्यय Learn Sanskrit_ The Suffix Ktva.mp4",publisher,info,Publisher not extracted,
"संस्कृतम् – पाठ 45, संस्कृत धातुपाठ Learn Sanskrit_ List of Verbs_ Part 5.mp4",author,warning,Author not extracted,
"संस्कृतम् – पाठ 45, संस्कृत धातुपाठ Learn Sanskrit_ List of Verbs_ Part 5.mp4",publisher,info,Publisher not extracted,
"संस्कृतम् – पाठ 46, ल्यप् प्रत्यय Learn Sanskrit_ The Suffix Lyap.mp4",author,warning,Author not extracted,
"संस्कृतम् – पाठ 46, ल्यप् प्रत्यय Learn Sanskrit_ The Suffix Lyap.mp4",publisher,info,Publisher not extracted,
"संस्कृतम् – पाठ 47, संप्रदान कारक Learn Sanskrit_ The Dative Case.mp4",author,warning,Author not extracted,
"संस्कृतम् – पाठ 47, संप्रदान कारक Learn Sanskrit_ The Dative Case.mp4",publisher,info,Publisher not extracted,
संस्कृतम् – पाठ 48 अपादान कारक Learn Sanskrit_ The Ablative Case पंचमी विभक्ति.mp4,author,warning,Author not extracted,
संस्कृतम् – पाठ 48 अपादान कारक Learn Sanskrit_ The Ablative Case पंचमी विभक्ति.mp4,publisher,info,Publisher not extracted,
संस्कृतम् – पाठ 49 संबंध कारक Learn Sanskrit_ The Possessive Case षष्ठी विभक्ति.mp4,author,warning,Author not extracted,
संस्कृतम् – पाठ 49 संबंध कारक Learn Sanskrit_ The Possessive Case षष्ठी विभक्ति.mp4,publisher,info,Publisher not extracted,
"संस्कृतम् – पाठ 5, एषः कः Learn Sanskrit_ Who is.mp4",author,warning,Author not extracted,
"संस्कृतम् – पाठ 5, एषः कः Learn Sanskrit_ Who is.mp4",publisher,info,Publisher not extracted,
"संस्कृतम् – पाठ 50, क्त प्रत्यय Learn Sanskrit_ The Suffix Kta.mp4",author,warning,Author not extracted,
"संस्कृतम् – पाठ 50, क्त प्रत्यय Learn Sanskrit_ The Suffix Kta.mp4",publisher,info,Publisher not extracted,
"संस्कृतम् – पाठ 51, क्तवतु प्रत्यय Learn Sanskrit_ The Suffix Ktavatu.mp4",author,warning,Author not extracted,
"संस्कृतम् – पाठ 51, क्तवतु प्रत्यय Learn Sanskrit_ The Suffix Ktavatu.mp4",publisher,info,Publisher not extracted,
"संस्कृतम् – पाठ 52, शतृ प्रत्यय Learn Sanskrit_ The Suffix Shatri.mp4",author,warning,Author not extracted,
"संस्कृतम् – पाठ 52, शतृ प्रत्यय Learn Sanskrit_ The Suffix Shatri.mp4",publisher,info,Publisher not extracted,
"संस्कृतम् – पाठ 53, शानच् प्रत्यय Learn Sanskrit_ The Suffix Shanach.mp4",author,warning,Author not extracted,
"संस्कृतम् – पाठ 53, शानच् प्रत्यय Learn Sanskrit_ The Suffix Shanach.mp4",publisher,info,Publisher not extracted,
"संस्कृतम् – पाठ 54, तुमुन् प्रत्यय Learn Sanskrit_ The Suffix Tumun.mp4",author,warning,Author not extracted,
"संस्कृतम् – पाठ 54, तुमुन् प्रत्यय Learn Sanskrit_ The Suffix Tumun.mp4",publisher,info,Publisher not extracted,
"संस्कृतम् – पाठ 55, ल्युट् प्रत्यय Learn Sanskrit_ The Suffix Lyut.mp4",author,warning,Author not extracted,
"संस्कृतम् – पाठ 55, ल्युट् प्रत्यय Learn Sanskrit_ The Suffix Lyut.mp4",publisher,info,Publisher not extracted,
"संस्कृतम् – पाठ 56, अ, अच् और क्तिन् प्रत्यय Learn Sanskrit_ The Suffix A, Ach a.mp4",author,warning,Author not extracted,
"संस्कृतम् – पाठ 56, अ, अच् और क्तिन् प्रत्यय Learn Sanskrit_ The Suffix A, Ach a.mp4",publisher,info,Publisher not extracted,
"संस्कृतम् – पाठ 57, तव्यत् अनीयर् यत् ण्यत् प्रत्यय Learn Sanskrit_ The Suffix T.mp4",author,warning,Author not extracted,
"संस्कृतम् – पाठ 57, तव्यत् अनीयर् यत् ण्यत् प्रत्यय Learn Sanskrit_ The Suffix T.mp4",publisher,info,Publisher not extracted,
"संस्कृतम् – पाठ 58, ण्वुल् तृच् णिनि प्रत्यय Learn Sanskrit_ The Suffix Nvul, Tr.mp4",author,warning,Author not extracted,
"संस्कृतम् – पाठ 58, ण्वुल् तृच् णिनि प्रत्यय Learn Sanskrit_ The Suffix Nvul, Tr.mp4",publisher,info,Publisher not extracted,
संस्कृतम् – पाठ 59 अधिकरण कारक Learn Sanskrit_ The Locative Case सप्तमी विभक्ति.mp4,author,warning,Author not extracted,
संस्कृतम् – पाठ 59 अधिकरण कारक Learn Sanskrit_ The Locative Case सप्तमी विभक्ति.mp4,publisher,info,Publisher not extracted,
"संस्कृतम् – पाठ 6, सः किम् करोति Learn Sanskrit_ Who does.mp4",author,warning,Author not extracted,
"संस्कृतम् – पाठ 6, सः किम् करोति Learn Sanskrit_ Who does.mp4",publisher,info,Publisher not extracted,
संस्कृतम् – पाठ 60 सन् और णिच् प्रत्यय Learn Sanskrit_ The Suffix San &amp; Nich.mp4,author,warning,Author not extracted,
संस्कृतम् – पाठ 60 सन् और णिच् प्रत्यय Learn Sanskrit_ The Suffix San &amp; Nich.mp4,publisher,info,Publisher not extracted,
"संस्कृतम् – पाठ 61, कर्म वाच्य Learn Sanskrit_ Passive Voice Part 1.mp4",author,warning,Author not extracted,
"संस्कृतम् – पाठ 61, कर्म वाच्य Learn Sanskrit_ Passive Voice Part 1.mp4",publisher,info,Publisher not extracted,
"संस्कृतम् – पाठ 62, Learn Sanskrit_ Passive Voice Part 2.mp4",author,warning,Author not extracted,
"संस्कृतम् – पाठ 62, Learn Sanskrit_ Passive Voice Part 2.mp4",publisher,info,Publisher not extracted,
"संस्कृतम् – पाठ 63, चित् प्रत्यय, सर्वः Learn Sanskrit_ Sarva, Chit Pratyay.mp4",author,warning,Author not extracted,
"संस्कृतम् – पाठ 63, चित् प्रत्यय, सर्वः Learn Sanskrit_ Sarva, Chit Pratyay.mp4",publisher,info,Publisher not extracted,
"संस्कृतम् – पाठ 64, अव्यय Learn Sanskrit_ The Adverbs Part 1.mp4",author,warning,Author not extracted,
"संस्कृतम् – पाठ 64, अव्यय Learn Sanskrit_ The Adverbs Part 1.mp4",publisher,info,Publisher not extracted,
"संस्कृतम् – पाठ 65, अव्यय Learn Sanskrit_ The Adverbs Part 2.mp4",author,warning,Author not extracted,
"संस्कृतम् – पाठ 65, अव्यय Learn Sanskrit_ The Adverbs Part 2.mp4",publisher,info,Publisher not extracted,
"संस्कृतम् – पाठ 66, लिट् लकार Learn Sanskrit_ The Remote Past.mp4",author,warning,Author not extracted,
"संस्कृतम् – पाठ 66, लिट् लकार Learn Sanskrit_ The Remote Past.mp4",publisher,info,Publisher not extracted,
"संस्कृतम् – पाठ 7, कर्ता, कर्म व क्रिया Learn Sanskrit_ Subject, Object &amp; Verb.mp4",author,warning,Author not extracted,
"संस्कृतम् – पाठ 7, कर्ता, कर्म व क्रिया Learn Sanskrit_ Subject, Object &amp; Verb.mp4",publisher,info,Publisher not extracted,
"संस्कृतम् – पाठ 8, वचन Learn Sanskrit_ Number &amp; Third Person.mp4",author,warning,Author not extracted,
"संस्कृतम् – पाठ 8, वचन Learn Sanskrit_ Number &amp; Third Person.mp4",publisher,info,Publisher not extracted,
"संस्कृतम् – पाठ 9, मध्यम पुरुष Learn Sanskrit_ Second Person.mp4",author,warning,Author not extracted,
"संस्कृतम् – पाठ 9, मध्यम पुरुष Learn Sanskrit_ Second Person.mp4",publisher,info,Publisher not extracted,
2015.327535.Shrimad-Bhagwad.pdf,author,warning,Author not extracted,
2015.327535.Shrimad-Bhagwad.pdf,publisher,info,Publisher not extracted,
test_download.pdf,author,warning,Author not extracted,
test_download.pdf,publisher,info,Publisher not extracted,
